"STUDY_ID","EVENT_ID","STAT_ID","STAT_ARRIV","ORDERED_DEPTH_CODE","DEPTH","CONDTVY","SAL","SIGMA_T","TEMP","TRANS","DISS_OXYGEN","O2_PCT_SAT","CHLA_FLU_CALIB","CHLA_FLU_RAW","PH"
"BWQM","WN241","F23",08-FEB-2024 08:04:11,"A",1.75,27.769,29.791,23.687,3.5242,1.5647,10.748,99.06,0.5154,0.74928,8.2929
"BWQM","WN241","F23",08-FEB-2024 08:04:11,"B",8.06,27.849,29.843,23.725,3.5678,1.5753,10.74,99.17,0.3862,0.86874,8.3067
"BWQM","WN241","F23",08-FEB-2024 08:04:11,"C",13.83,27.943,29.912,23.776,3.6109,1.5599,10.71,98.98,0.3646,0.85614,8.3172
"BWQM","WN241","F23",08-FEB-2024 08:04:11,"D",21.47,28.1,30.02,23.855,3.6906,1.878,10.667,98.86,0.4126,0.88397,8.3361
"BWQM","WN241","F23",08-FEB-2024 08:04:11,"E",27.28,28.285,30.153,23.953,3.7787,2.293,10.635,98.84,0.4799,0.92256,
"BWQM","WN241","N01",08-FEB-2024 08:49:54,"A",1.96,28.265,30.144,23.946,3.7759,0.98807,10.789,100.27,1.0999,1.069,8.2627
"BWQM","WN241","N01",08-FEB-2024 08:49:54,"B",7.9,28.294,30.15,23.948,3.8038,0.98021,10.74,99.91,1.0313,1.22,8.2585
"BWQM","WN241","N01",08-FEB-2024 08:49:54,"C",14.94,28.597,30.29,24.038,4.0341,0.91502,10.657,99.78,0.8539,1.1276,8.2618
"BWQM","WN241","N01",08-FEB-2024 08:49:54,"D",22.88,28.952,30.533,24.214,4.2134,1.0684,10.484,98.81,0.6294,1.0063,8.2557
"BWQM","WN241","N01",08-FEB-2024 08:49:54,"E",30.53,29.234,30.702,24.333,4.3804,1.1473,10.433,98.8,0.6399,1.0121,8.2557
"BWQM","WN241","N04",08-FEB-2024 09:30:33,"A",1.85,29.21,30.738,24.366,4.3264,0.90701,10.521,99.54,0.8227,0.8102,8.2509
"BWQM","WN241","N04",08-FEB-2024 09:30:33,"B",12.9,29.498,30.863,24.444,4.5449,0.82208,10.47,99.62,1.2392,1.3247,8.2597
"BWQM","WN241","N04",08-FEB-2024 09:30:33,"C",24.3,29.535,30.875,24.451,4.572,0.82059,10.456,99.58,1.0663,1.2378,8.2591
"BWQM","WN241","N04",08-FEB-2024 09:30:33,"D",35.63,29.729,30.939,24.485,4.736,0.85183,10.224,97.84,0.7153,1.0533,8.2507
"BWQM","WN241","N04",08-FEB-2024 09:30:33,"E",48.35,30.577,31.238,24.645,5.4456,0.86184,9.8893,96.39,0.1024,0.69863,8.2213
"BWQM","WN241","F22",08-FEB-2024 10:09:35,"A",1.71,29.527,30.892,24.466,4.5548,0.8368,10.437,99.4,0.4997,0.62933,8.2568
"BWQM","WN241","F22",08-FEB-2024 10:09:35,"B",17.9,30.14,31.241,24.704,4.9271,0.81049,10.168,97.96,0.3453,0.84485,8.2419
"BWQM","WN241","F22",08-FEB-2024 10:09:35,"C",38.64,30.709,31.392,24.767,5.4454,0.83512,9.7674,95.29,-0.0635,0.59363,8.2254
"BWQM","WN241","F22",08-FEB-2024 10:09:35,"D",59.24,31.592,31.69,24.918,6.175,0.88218,9.3257,92.79,-0.3527,0.39884,8.2093
"BWQM","WN241","F22",08-FEB-2024 10:09:35,"E",78.69,31.906,31.816,24.989,6.4032,1.2245,9.1491,91.58,-0.3887,0.37338,8.1987
"BWQM","WN241","N21",08-FEB-2024 11:17:01,"A",1.7,29.48,30.67,24.272,4.7348,0.91998,10.293,98.31,0.8799,0.77686,8.2172
"BWQM","WN241","N21",08-FEB-2024 11:17:01,"B",10.76,29.453,30.678,24.283,4.6884,0.92997,10.329,98.56,0.7162,1.0538,8.2239
"BWQM","WN241","N21",08-FEB-2024 11:17:01,"C",18.66,29.424,30.693,24.3,4.6322,0.93569,10.376,98.82,0.8614,1.1315,8.2312
"BWQM","WN241","N21",08-FEB-2024 11:17:01,"D",26.71,29.521,30.847,24.427,4.5833,0.86825,10.312,98.21,0.2807,0.80679,8.249
"BWQM","WN241","N21",08-FEB-2024 11:17:01,"E",33.47,29.703,30.941,24.49,4.7038,0.85665,10.304,98.51,0.408,0.88134,8.2542
"BWQM","WN241","N18",08-FEB-2024 11:45:45,"A",1.65,29.104,30.549,24.209,4.3983,1.0687,10.516,99.49,0.9598,0.65174,8.2411
"BWQM","WN241","N18",08-FEB-2024 11:45:45,"B",6.06,29.099,30.577,24.236,4.3583,1.0283,10.48,99.15,1.5097,1.23,8.2408
"BWQM","WN241","N18",08-FEB-2024 11:45:45,"C",11.64,29.2,30.659,24.297,4.3936,1.0094,10.44,98.86,0.8792,1.141,8.2416
"BWQM","WN241","N18",08-FEB-2024 11:45:45,"D",16.61,29.293,30.712,24.333,4.4504,0.94295,10.39,98.58,0.5473,0.96062,8.2385
"BWQM","WN241","N18",08-FEB-2024 11:45:45,"E",22.34,29.328,30.73,24.346,4.4714,0.92537,10.392,98.69,0.5063,0.93752,8.2398
"BWQM","WN241","N07",08-FEB-2024 12:38:41,"A",1.69,29.44,30.822,24.414,4.5216,0.92199,10.534,100.23,1.3578,0.82693,8.2553
"BWQM","WN241","N07",08-FEB-2024 12:38:41,"B",11.96,29.685,30.959,24.508,4.6721,0.8344,10.481,100.11,1.2286,1.3195,8.2582
"BWQM","WN241","N07",08-FEB-2024 12:38:41,"C",23.15,29.707,30.97,24.516,4.6813,0.83494,10.451,99.91,1.0978,1.2539,8.2567
"BWQM","WN241","N07",08-FEB-2024 12:38:41,"D",35.56,29.755,30.995,24.532,4.7079,0.8176,10.38,99.24,0.8703,1.1362,8.2518
"BWQM","WN241","N07",08-FEB-2024 12:38:41,"E",47.12,29.868,31.038,24.557,4.7959,0.79235,10.311,98.86,0.4579,0.90996,8.2485
"BWQM","WN241","F15",08-FEB-2024 13:09:47,"A",1.53,29.106,30.498,24.163,4.4556,0.99861,10.607,100.54,0.7228,0.53692,8.2505
"BWQM","WN241","F15",08-FEB-2024 13:09:47,"B",10.28,29.337,30.754,24.366,4.4622,0.95246,10.51,99.81,1.1727,1.2917,8.25
"BWQM","WN241","F15",08-FEB-2024 13:09:47,"C",18.82,29.586,30.89,24.458,4.6202,0.8537,10.439,99.51,1.0088,1.2084,8.2527
"BWQM","WN241","F15",08-FEB-2024 13:09:47,"D",27.6,29.773,30.995,24.53,4.7345,0.83434,10.382,99.35,0.8579,1.1297,8.2541
"BWQM","WN241","F15",08-FEB-2024 13:09:47,"E",36.11,29.871,31.041,24.559,4.8015,0.81628,10.346,99.19,0.6312,1.0073,8.2533
"BWQM","WN241","F10",08-FEB-2024 13:51:59,"A",1.8,29.147,30.54,24.196,4.4608,1.0604,10.565,100.14,0.4386,0.49072,8.2493
"BWQM","WN241","F10",08-FEB-2024 13:51:59,"B",8.32,29.213,30.702,24.334,4.3655,1.0429,10.553,99.93,1.4268,1.4163,8.2548
"BWQM","WN241","F10",08-FEB-2024 13:51:59,"C",15.73,29.587,30.907,24.473,4.6062,0.84437,10.47,99.81,1.2016,1.3061,8.2559
"BWQM","WN241","F10",08-FEB-2024 13:51:59,"D",22.81,29.607,30.92,24.483,4.6128,0.80204,10.389,99.13,0.8232,1.1113,8.2529
"BWQM","WN241","F10",08-FEB-2024 13:51:59,"E",30.17,29.751,30.99,24.528,4.7116,0.80311,10.342,98.97,0.1751,0.74326,8.2402
"BWQM","WN241","F06",08-FEB-2024 14:29:05,"A",1.82,29.138,30.611,24.261,4.373,1.0377,10.531,99.63,0.8851,0.85115,8.2543
"BWQM","WN241","F06",08-FEB-2024 14:29:05,"B",7.9,29.074,30.672,24.324,4.2248,0.99349,10.488,98.94,0.582,0.98005,8.2429
"BWQM","WN241","F06",08-FEB-2024 14:29:05,"C",15.41,29.286,30.775,24.391,4.3745,0.93864,10.464,99.09,0.7211,1.0564,8.2448
"BWQM","WN241","F06",08-FEB-2024 14:29:05,"D",22.12,29.417,30.835,24.429,4.4698,0.92378,10.415,98.91,0.7249,1.0585,8.2504
"BWQM","WN241","F06",08-FEB-2024 14:29:05,"E",29.51,29.947,31.117,24.618,4.8163,0.78181,10.324,99.08,0.4071,0.88082,8.2535
"BWQM","WN241","F13",08-FEB-2024 15:19:03,"A",1.86,28.461,30.237,24.006,3.9256,1.1348,10.773,100.59,0.7146,1.053,8.2621
"BWQM","WN241","F13",08-FEB-2024 15:19:03,"B",6.48,28.692,30.418,24.141,4.0192,1.1236,10.625,99.58,1.0735,1.2415,8.2571
"BWQM","WN241","F13",08-FEB-2024 15:19:03,"C",12.25,28.745,30.441,24.156,4.0583,1.1392,10.557,99.03,0.7614,1.0782,8.2511
"BWQM","WN241","F13",08-FEB-2024 15:19:03,"D",17.11,28.823,30.475,24.177,4.118,1.3167,10.514,98.82,0.5417,0.95747,8.2477
"BWQM","WN241","F13",08-FEB-2024 15:19:03,"E",21.94,28.884,30.504,24.197,4.1598,1.518,10.521,98.97,0.4933,0.93017,8.2458
"BWQM","WN242","F23",20-MAR-2024 06:55:01,"A",1.47,29.409,29.938,23.616,5.4527,1.0732,10.69,103.38,3.3279,1.5429,8.2928
"BWQM","WN242","F23",20-MAR-2024 06:55:01,"B",5.41,29.686,30.281,23.892,5.4154,1.0204,10.624,102.85,2.8871,1.4513,8.2793
"BWQM","WN242","F23",20-MAR-2024 06:55:01,"C",9.26,29.706,30.31,23.916,5.4073,1.0221,10.63,102.9,3.4194,1.5612,8.2803
"BWQM","WN242","F23",20-MAR-2024 06:55:01,"D",15.15,29.862,30.564,24.126,5.3178,1.0185,10.596,102.58,3.3506,1.5474,8.2762
"BWQM","WN242","F23",20-MAR-2024 06:55:01,"E",20.33,29.925,30.661,24.206,5.2869,1.0046,10.55,102.13,2.9371,1.462,8.2706
"BWQM","WN242","N01",20-MAR-2024 07:36:38,"A",1.39,29.947,30.796,24.326,5.1759,0.81979,10.86,104.93,3.9774,1.6685,8.2931
"BWQM","WN242","N01",20-MAR-2024 07:36:38,"B",9.04,29.978,30.817,24.341,5.1883,0.84111,10.841,104.74,4.6913,1.7962,8.2962
"BWQM","WN242","N01",20-MAR-2024 07:36:38,"C",16.36,29.865,31.008,24.529,4.8397,0.68957,10.414,99.94,1.213,1.0392,8.238
"BWQM","WN242","N01",20-MAR-2024 07:36:38,"D",23.44,29.916,31.195,24.692,4.6984,0.67684,10.14,97.13,0.4418,0.79652,8.2184
"BWQM","WN242","N01",20-MAR-2024 07:36:38,"E",30.51,30.034,31.315,24.786,4.7118,0.87955,9.8674,94.61,-0.0359,0.61795,8.1964
"BWQM","WN242","N04",20-MAR-2024 08:20:18,"A",1.75,30.027,30.882,24.393,5.1811,0.81981,11.007,106.35,3.3894,1.3954,8.3269
"BWQM","WN242","N04",20-MAR-2024 08:20:18,"B",10.66,30.027,30.883,24.394,5.1756,0.66197,10.989,106.17,3.2977,1.5368,8.3249
"BWQM","WN242","N04",20-MAR-2024 08:20:18,"C",24.94,30.028,30.909,24.419,5.1424,0.68446,10.946,105.76,3.3661,1.5505,8.3188
"BWQM","WN242","N04",20-MAR-2024 08:20:18,"D",37.15,29.716,31.162,24.688,4.4819,0.63122,10.411,99.15,0.8997,0.94609,8.2357
"BWQM","WN242","N04",20-MAR-2024 08:20:18,"E",49.22,30.271,31.5,24.924,4.7956,0.82952,10.031,96.45,0.1716,0.69884,8.2196
"BWQM","WN242","F22",20-MAR-2024 09:04:51,"A",1.7,29.755,30.67,24.236,5.0766,0.68558,10.686,102.85,1.0132,0.86681,8.2983
"BWQM","WN242","F22",20-MAR-2024 09:04:51,"B",18.12,29.941,31.05,24.558,4.8865,0.66786,10.621,102.03,2.2227,1.3017,8.2801
"BWQM","WN242","F22",20-MAR-2024 09:04:51,"C",38.51,30.231,31.494,24.922,4.7591,0.56063,10.29,98.85,0.2703,0.73547,8.2434
"BWQM","WN242","F22",20-MAR-2024 09:04:51,"D",58.69,30.402,31.611,25.007,4.8321,0.72635,10.136,97.65,0.0485,0.65153,8.2349
"BWQM","WN242","F22",20-MAR-2024 09:04:51,"E",77.8,30.46,31.653,25.039,4.848,1.0374,9.9454,95.91,0.0252,0.64237,8.217
"BWQM","WN242","N21",20-MAR-2024 10:05:21,"A",1.46,29.911,30.823,24.354,5.1034,0.64179,10.51,101.35,0.7576,0.64237,8.2471
"BWQM","WN242","N21",20-MAR-2024 10:05:21,"B",9.93,29.925,30.847,24.375,5.0903,0.61779,10.543,101.67,0.7974,0.87131,8.2558
"BWQM","WN242","N21",20-MAR-2024 10:05:21,"C",18.6,29.952,30.87,24.393,5.0942,0.60357,10.559,101.82,0.8211,0.92167,8.2621
"BWQM","WN242","N21",20-MAR-2024 10:05:21,"D",25.74,29.984,30.948,24.46,5.0455,0.58586,10.527,101.51,0.7013,0.88352,8.2649
"BWQM","WN242","N21",20-MAR-2024 10:05:21,"E",33.24,29.97,31.063,24.566,4.9006,0.60165,10.373,99.74,0.3808,0.77515,8.243
"BWQM","WN242","N18",20-MAR-2024 10:34:11,"A",1.53,30.141,30.902,24.396,5.3008,0.57695,10.687,103.66,0.4505,0.54316,8.2897
"BWQM","WN242","N18",20-MAR-2024 10:34:11,"B",7.64,30.019,30.901,24.412,5.148,0.55528,10.699,103.37,0.5289,0.70189,8.2945
"BWQM","WN242","N18",20-MAR-2024 10:34:11,"C",12.81,29.987,30.904,24.419,5.1027,0.56084,10.681,103.1,0.8307,0.91862,8.2901
"BWQM","WN242","N18",20-MAR-2024 10:34:11,"D",17.59,29.977,30.909,24.425,5.083,0.56145,10.659,102.79,0.8601,0.93388,8.2883
"BWQM","WN242","N18",20-MAR-2024 10:34:11,"E",22.15,29.971,30.921,24.437,5.0604,0.54726,10.661,102.81,0.5127,0.82094,8.2863
"BWQM","WN242","N07",20-MAR-2024 11:09:19,"A",1.51,30.288,30.849,24.327,5.5387,0.62812,10.845,105.7,0.0864,0.63225,8.3171
"BWQM","WN242","N07",20-MAR-2024 11:09:19,"B",13.19,30.072,30.863,24.37,5.2527,0.58429,10.881,105.33,1.0921,1.0041,8.3281
"BWQM","WN242","N07",20-MAR-2024 11:09:19,"C",26.22,29.699,31.09,24.625,4.5427,0.61231,10.323,98.41,0.237,0.72326,8.2304
"BWQM","WN242","N07",20-MAR-2024 11:09:19,"D",38.38,30.084,31.357,24.817,4.7253,0.57975,10.271,98.48,0.2164,0.71563,8.2375
"BWQM","WN242","N07",20-MAR-2024 11:09:19,"E",49.15,30.29,31.528,24.947,4.789,1.1421,9.8043,94.27,0.5898,0.84689,8.1958
"BWQM","WN242","F15",20-MAR-2024 11:52:54,"A",1.92,30.166,30.729,24.234,5.5192,0.66593,10.707,104.26,0.9965,0.89412,8.298
"BWQM","WN242","F15",20-MAR-2024 11:52:54,"B",7.11,30.026,30.844,24.359,5.2194,0.62938,10.708,103.56,0.9796,0.97051,8.2963
"BWQM","WN242","F15",20-MAR-2024 11:52:54,"C",17.52,29.962,30.881,24.402,5.0943,0.61856,10.577,102,0.9595,0.96441,8.2719
"BWQM","WN242","F15",20-MAR-2024 11:52:54,"D",27.35,29.905,31.244,24.738,4.6311,0.66932,9.8511,94.18,0.196,0.708,8.1917
"BWQM","WN242","F15",20-MAR-2024 11:52:54,"E",35.58,30.08,31.405,24.861,4.6706,1.0342,9.7882,93.76,0.3463,0.76294,8.1884
"BWQM","WN242","F10",20-MAR-2024 12:38:32,"A",1.77,30.031,30.592,24.128,5.5025,0.80009,10.826,105.21,2.3318,1.0853,8.311
"BWQM","WN242","F10",20-MAR-2024 12:38:32,"B",8.43,29.992,30.662,24.198,5.3741,0.79115,10.776,104.52,2.1673,1.2864,8.3031
"BWQM","WN242","F10",20-MAR-2024 12:38:32,"C",15.75,29.923,30.816,24.348,5.1177,0.68484,10.494,101.2,1.2664,1.0545,8.2588
"BWQM","WN242","F10",20-MAR-2024 12:38:32,"D",21.08,29.849,30.909,24.442,4.9231,0.62571,10.286,98.81,0.5263,0.82552,8.2335
"BWQM","WN242","F10",20-MAR-2024 12:38:32,"E",28.66,29.81,31.159,24.673,4.6038,0.71276,10.034,95.84,0.0994,0.67137,8.1918
"BWQM","WN242","F06",20-MAR-2024 13:25:40,"A",1.81,30.095,30.682,24.202,5.4825,0.81565,11.083,107.71,4.2225,1.5223,8.3321
"BWQM","WN242","F06",20-MAR-2024 13:25:40,"B",9.56,30.011,30.698,24.228,5.3575,0.79091,10.991,106.61,3.9419,1.6619,8.3211
"BWQM","WN242","F06",20-MAR-2024 13:25:40,"C",19.3,29.918,30.799,24.333,5.1288,0.69578,10.707,103.35,1.5151,1.1231,8.2869
"BWQM","WN242","F06",20-MAR-2024 13:25:40,"D",26.69,29.854,30.869,24.405,4.9697,0.61208,10.414,100.13,0.5353,0.82857,8.2506
"BWQM","WN242","F06",20-MAR-2024 13:25:40,"E",34.27,29.702,31.055,24.593,4.5789,0.70132,10.168,97.02,0.2164,0.71563,8.203
"BWQM","WN242","F13",20-MAR-2024 14:25:18,"A",1.38,30.061,30.393,23.942,5.7607,0.93969,11.165,109.03,4.4365,1.5785,8.3545
"BWQM","WN242","F13",20-MAR-2024 14:25:18,"B",6.1,30.05,30.403,23.953,5.7323,0.9158,11.117,108.56,5.053,1.8573,8.3479
"BWQM","WN242","F13",20-MAR-2024 14:25:18,"C",11.59,29.992,30.56,24.105,5.4843,0.86196,10.919,106.11,4.3598,1.7382,8.3119
"BWQM","WN242","F13",20-MAR-2024 14:25:18,"D",17.4,29.987,30.672,24.209,5.3523,0.71964,10.618,102.89,1.8546,1.2117,8.2775
"BWQM","WN242","F13",20-MAR-2024 14:25:18,"E",22.23,29.974,30.847,24.369,5.1438,0.65531,10.28,99.23,0.3166,0.75226,8.2383
"BWQM","WN243","F23",09-APR-2024 06:44:03,"A",1.85,27.998,28.023,22.061,5.8532,3.9769,10.132,97.61,1.93,1.7263,8.1521
"BWQM","WN243","F23",09-APR-2024 06:44:03,"B",6.53,28.553,28.749,22.648,5.7177,4.3165,10.112,97.61,2.17,1.9275,8.1515
"BWQM","WN243","F23",09-APR-2024 06:44:03,"C",11.62,28.588,28.794,22.686,5.7068,4.4093,10.102,97.51,2.14,1.8969,8.1523
"BWQM","WN243","F23",09-APR-2024 06:44:03,"D",16.28,28.974,29.312,23.106,5.6023,4.9631,10.068,97.28,2.14,1.9015,8.1539
"BWQM","WN243","F23",09-APR-2024 06:44:03,"E",21.84,29.176,29.599,23.341,5.5287,5.9428,10.058,97.18,2.14,1.9031,8.1571
"BWQM","WN243","N01",09-APR-2024 07:22:39,"A",2.11,29.539,30.071,23.72,5.4673,2.8568,10.325,99.95,1.7,1.5287,8.1825
"BWQM","WN243","N01",09-APR-2024 07:22:39,"B",10.86,29.42,30.138,23.798,5.2383,2.0766,10.294,99.17,1.92,1.7138,8.1821
"BWQM","WN243","N01",09-APR-2024 07:22:39,"C",16.59,29.564,30.434,24.049,5.0882,1.4116,10.405,100.05,1.32,1.2117,8.1921
"BWQM","WN243","N01",09-APR-2024 07:22:39,"D",22.44,29.617,30.538,24.136,5.0385,1.2611,10.377,99.78,1.2,1.1094,8.1887
"BWQM","WN243","N01",09-APR-2024 07:22:39,"E",28.38,29.821,30.86,24.402,4.938,3.2138,9.9748,95.82,1.13,1.0514,8.1618
"BWQM","WN243","N04",09-APR-2024 08:06:33,"A",1.42,29.836,30.387,23.967,5.488,1.2775,10.436,101.32,0.65,0.64992,8.207
"BWQM","WN243","N04",09-APR-2024 08:06:33,"B",13.01,29.705,30.591,24.171,5.0954,1.0778,10.443,100.51,1.32,1.2086,8.2022
"BWQM","WN243","N04",09-APR-2024 08:06:33,"C",24.51,29.786,30.787,24.34,4.9752,1.1989,10.22,98.27,0.97,0.91404,8.1842
"BWQM","WN243","N04",09-APR-2024 08:06:33,"D",35.84,29.999,31.156,24.646,4.8358,0.86002,10.253,98.49,0.74,0.72173,8.1865
"BWQM","WN243","N04",09-APR-2024 08:06:33,"E",46.12,30.081,31.227,24.701,4.8549,1.2482,10.204,98.12,0.72,0.70495,8.1806
"BWQM","WN243","F22",09-APR-2024 08:49:28,"A",1.32,29.512,30.05,23.705,5.457,1.2595,10.502,101.67,0.61,0.61939,8.2215
"BWQM","WN243","F22",09-APR-2024 08:49:28,"B",18.05,29.511,30.532,24.144,4.9159,1.221,10.583,101.37,1.03,0.97051,8.2152
"BWQM","WN243","F22",09-APR-2024 08:49:28,"C",37.47,29.665,30.716,24.292,4.8963,1.1413,10.526,100.92,1,0.93846,8.2103
"BWQM","WN243","F22",09-APR-2024 08:49:28,"D",57.23,29.778,30.866,24.414,4.8647,1.013,10.474,100.42,0.86,0.82552,8.2083
"BWQM","WN243","F22",09-APR-2024 08:49:28,"E",77.19,30.094,31.221,24.696,4.8612,1.206,10.272,98.77,0.77,0.74768,8.1958
"BWQM","WN243","N21",09-APR-2024 09:41:45,"A",1.77,29.872,30.518,24.082,5.3876,1.2145,10.389,100.67,0.97,0.91709,8.2093
"BWQM","WN243","N21",09-APR-2024 09:41:45,"B",9.19,29.726,30.733,24.297,4.9692,1.2718,10.371,99.63,1.01,0.95067,8.1854
"BWQM","WN243","N21",09-APR-2024 09:41:45,"C",17.05,29.74,30.757,24.318,4.9554,1.2864,10.337,99.3,0.97,0.91709,8.1809
"BWQM","WN243","N21",09-APR-2024 09:41:45,"D",25.26,29.831,30.901,24.437,4.9083,0.99246,10.406,99.96,1,0.93846,8.2083
"BWQM","WN243","N21",09-APR-2024 09:41:45,"E",33.75,29.979,31.11,24.608,4.8612,1.5641,10.236,98.33,0.79,0.77057,8.1958
"BWQM","WN243","N18",09-APR-2024 10:03:29,"A",1.52,30.442,30.194,23.703,6.4545,1.3644,10.595,105.11,0.51,0.53425,8.2265
"BWQM","WN243","N18",09-APR-2024 10:03:29,"B",10.45,29.654,30.595,24.182,5.0282,1.3376,10.419,100.18,1.12,1.0453,8.1943
"BWQM","WN243","N18",09-APR-2024 10:03:29,"C",16.04,29.726,30.691,24.26,5.0098,1.3582,10.265,98.7,0.96,0.90794,8.1896
"BWQM","WN243","N18",09-APR-2024 10:03:29,"D",21.51,29.769,30.802,24.355,4.9402,1.5286,10.202,98,0.91,0.86368,8.1863
"BWQM","WN243","N18",09-APR-2024 10:03:29,"E",25.85,29.781,30.819,24.37,4.9342,1.5543,10.182,97.81,0.88,0.84536,8.1827
"BWQM","WN243","N07",09-APR-2024 10:36:52,"A",1.75,29.68,30.083,23.712,5.631,1.2853,10.56,102.62,0.51,0.52782,8.2329
"BWQM","WN243","N07",09-APR-2024 10:36:52,"B",13.13,29.64,30.483,24.082,5.132,1.0665,10.473,100.8,1.46,1.3246,8.221
"BWQM","WN243","N07",09-APR-2024 10:36:52,"C",25.01,29.989,31.132,24.626,4.8548,0.8339,10.346,99.39,0.78,0.76142,8.2121
"BWQM","WN243","N07",09-APR-2024 10:36:52,"D",35.51,30.106,31.272,24.738,4.8426,1.1104,10.278,98.83,0.69,0.68205,8.2074
"BWQM","WN243","N07",09-APR-2024 10:36:52,"E",46.56,30.172,31.348,24.799,4.8365,2.0194,10.079,96.91,0.73,0.71868,8.1927
"BWQM","WN243","F15",09-APR-2024 11:02:48,"A",1.51,30.338,29.991,23.531,6.5565,1.6339,10.595,105.21,0.66,0.65474,8.2316
"BWQM","WN243","F15",09-APR-2024 11:02:48,"B",9.27,29.408,30.228,23.881,5.1253,1.526,10.509,101.05,2.05,1.8252,8.216
"BWQM","WN243","F15",09-APR-2024 11:02:48,"C",17.97,29.464,30.33,23.967,5.0776,1.4436,10.405,99.95,1.08,1.0102,8.2071
"BWQM","WN243","F15",09-APR-2024 11:02:48,"D",27.01,29.693,30.61,24.191,5.0519,1.2678,10.48,100.77,1.16,1.0758,8.2055
"BWQM","WN243","F15",09-APR-2024 11:02:48,"E",35.56,30.107,31.253,24.72,4.8643,1.6703,10.091,97.03,0.81,0.78431,8.1902
"BWQM","WN243","F10",09-APR-2024 11:39:17,"A",1.66,30.336,30.326,23.841,6.1749,1.1668,10.426,102.82,0.56,0.5728,8.2211
"BWQM","WN243","F10",09-APR-2024 11:39:17,"B",8,30.01,30.449,24.001,5.631,0.95913,10.607,103.38,0.82,0.79042,8.2299
"BWQM","WN243","F10",09-APR-2024 11:39:17,"C",15.79,29.782,30.522,24.099,5.2639,0.96619,10.591,102.33,1.54,1.3948,8.2262
"BWQM","WN243","F10",09-APR-2024 11:39:17,"D",24.49,29.726,30.583,24.163,5.1229,0.88299,10.493,101.09,1.27,1.172,8.2182
"BWQM","WN243","F10",09-APR-2024 11:39:17,"E",33.38,29.796,30.727,24.284,5.0488,1.0791,10.358,99.69,1.06,0.99035,8.2041
"BWQM","WN243","F06",09-APR-2024 12:08:58,"A",1.44,30.485,30.749,24.208,5.889,0.94896,10.359,101.76,0.53,0.54549,8.2196
"BWQM","WN243","F06",09-APR-2024 12:08:58,"B",12.42,29.944,30.922,24.44,5.0317,0.93128,10.431,100.49,1.28,1.175,8.2188
"BWQM","WN243","F06",09-APR-2024 12:08:58,"C",18.96,29.922,30.955,24.473,4.9663,0.86237,10.388,99.98,1.15,1.0682,8.2153
"BWQM","WN243","F06",09-APR-2024 12:08:58,"D",24.45,29.924,30.958,24.477,4.9617,0.86431,10.363,99.74,1.18,1.0972,8.2146
"BWQM","WN243","F06",09-APR-2024 12:08:58,"E",30.39,29.945,30.979,24.494,4.9612,0.95696,10.285,98.99,1.04,0.97662,8.2098
"BWQM","WN243","F13",09-APR-2024 13:09:16,"A",1.7,29.894,29.609,23.244,6.4388,2.0603,10.501,103.66,0.98,0.92786,8.2202
"BWQM","WN243","F13",09-APR-2024 13:09:16,"B",10.42,29.417,30.01,23.682,5.3775,1.8253,10.482,101.18,1.77,1.5871,8.2142
"BWQM","WN243","F13",09-APR-2024 13:09:16,"C",15.07,29.411,30.107,23.771,5.2598,1.8661,10.361,99.82,1.51,1.3689,8.2049
"BWQM","WN243","F13",09-APR-2024 13:09:16,"D",20.12,29.492,30.235,23.877,5.2168,2.166,10.268,98.92,1.32,1.2117,8.2022
"BWQM","WN243","F13",09-APR-2024 13:09:16,"E",25.06,29.511,30.253,23.892,5.2171,2.4791,10.244,98.69,1.26,1.1582,8.1993
"BWQM","WN244","F23",14-MAY-2024 06:16:11,"A",1.88,34.149,29.754,22.608,11.499,2.2714,9.4432,104.58,3.4289,1.9223,8.2423
"BWQM","WN244","F23",14-MAY-2024 06:16:11,"B",7.65,34.146,29.797,22.652,11.44,2.2491,9.4456,104.49,3.1577,1.8283,8.2457
"BWQM","WN244","F23",14-MAY-2024 06:16:11,"C",13.57,34.131,29.808,22.667,11.405,2.1844,9.4478,104.4,3.3594,1.8985,8.2472
"BWQM","WN244","F23",14-MAY-2024 06:16:11,"D",19.26,34.125,29.818,22.679,11.383,2.2017,9.4543,104.47,3.6106,1.9839,8.248
"BWQM","WN244","F23",14-MAY-2024 06:16:11,"E",25,34.051,29.907,22.783,11.181,2.1434,9.4739,104.22,2.6752,1.6543,8.2525
"BWQM","WN244","N01",14-MAY-2024 07:11:38,"A",1.42,34.133,30.039,22.894,11.129,0.91682,10.325,113.59,3.1046,1.3612,8.3567
"BWQM","WN244","N01",14-MAY-2024 07:11:38,"B",8.43,34.007,30.048,22.929,10.964,0.88666,10.381,113.83,2.7455,1.6802,8.3551
"BWQM","WN244","N01",14-MAY-2024 07:11:38,"C",14.07,33.619,30.415,23.366,10.054,0.64464,10.647,114.73,1.4288,1.1552,8.3618
"BWQM","WN244","N01",14-MAY-2024 07:11:38,"D",21.88,31.868,30.767,24.015,7.5407,0.80306,9.2794,94.69,1.5026,1.1872,8.1681
"BWQM","WN244","N01",14-MAY-2024 07:11:38,"E",28.87,30.716,31.141,24.536,5.7293,1.3304,8.7244,85.62,0.7878,0.86062,8.0335
"BWQM","WN244","N04",14-MAY-2024 07:49:15,"A",1.69,33.764,30,22.931,10.733,0.6739,10.273,112.03,1.2315,0.6949,8.3732
"BWQM","WN244","N04",14-MAY-2024 07:49:15,"B",11.37,33.631,30.471,23.417,10.005,0.57283,10.737,115.58,1.2389,1.0712,8.3618
"BWQM","WN244","N04",14-MAY-2024 07:49:15,"C",22.79,30.504,30.999,24.436,5.6285,0.61878,9.6285,94.12,2.5117,1.5932,8.1291
"BWQM","WN244","N04",14-MAY-2024 07:49:15,"D",34.93,30.349,31.327,24.756,5.0806,0.64453,9.3633,90.55,1.4709,1.1735,8.0926
"BWQM","WN244","N04",14-MAY-2024 07:49:15,"E",47.12,30.451,31.464,24.868,5.052,0.8734,9.0004,87.04,0.5038,0.71868,8.0584
"BWQM","WN244","F22",14-MAY-2024 08:24:47,"A",2.01,34.461,30.438,23.22,11.034,0.73371,10.226,112.5,1.4679,0.59048,8.3675
"BWQM","WN244","F22",14-MAY-2024 08:24:47,"B",22.24,30.465,31.021,24.461,5.5578,0.61248,9.6568,94.3,1.5276,1.1979,8.1316
"BWQM","WN244","F22",14-MAY-2024 08:24:47,"C",37.23,30.313,31.321,24.756,5.0422,0.68089,9.3418,90.26,0.8382,0.88504,8.0921
"BWQM","WN244","F22",14-MAY-2024 08:24:47,"D",56.01,30.568,31.571,24.95,5.0759,0.86078,9.1707,88.86,0.4653,0.69884,8.0744
"BWQM","WN244","F22",14-MAY-2024 08:24:47,"E",76.3,30.663,31.635,24.997,5.1124,1.2435,9.1172,88.43,0.8957,0.91252,8.0692
"BWQM","WN244","N21",14-MAY-2024 09:16:33,"A",1.8,33.755,29.695,22.632,11.098,0.90493,10.429,114.35,1.9389,0.72173,8.3914
"BWQM","WN244","N21",14-MAY-2024 09:16:33,"B",9.69,33.727,30.424,23.353,10.174,0.56888,10.682,115.36,1.4785,0.9522,8.3568
"BWQM","WN244","N21",14-MAY-2024 09:16:33,"C",16.43,32.217,30.634,23.831,8.1163,0.55299,10.933,112.94,1.2764,1.088,8.3177
"BWQM","WN244","N21",14-MAY-2024 09:16:33,"D",23.33,30.518,30.714,24.173,5.9574,0.99392,8.815,86.68,0.9309,0.9293,7.9735
"BWQM","WN244","N21",14-MAY-2024 09:16:33,"E",31.35,30.561,31.246,24.654,5.4264,0.90215,8.8488,86.25,0.9085,0.91862,8.0442
"BWQM","WN244","N18",14-MAY-2024 09:43:22,"A",1.97,33.845,29.729,22.646,11.165,0.80381,10.519,115.59,1.8375,0.69812,8.3894
"BWQM","WN244","N18",14-MAY-2024 09:43:22,"B",6.62,33.68,29.751,22.703,10.936,0.84698,10.56,115.54,2.1992,1.0621,8.3866
"BWQM","WN244","N18",14-MAY-2024 09:43:22,"C",11.55,33.621,30.404,23.355,10.07,0.63895,10.631,114.56,1.9523,1.2513,8.3525
"BWQM","WN244","N18",14-MAY-2024 09:43:22,"D",16.48,31.301,30.562,23.914,7.087,0.91098,9.1177,92.01,2.1708,1.462,8.066
"BWQM","WN244","N18",14-MAY-2024 09:43:22,"E",23.03,30.857,30.87,24.267,6.2002,0.90786,8.6027,85.18,0.886,0.90794,8.0121
"BWQM","WN244","N07",14-MAY-2024 10:11:28,"A",1.84,34.156,30.124,22.973,11.052,0.74823,10.512,115.52,1.7916,0.69884,8.3834
"BWQM","WN244","N07",14-MAY-2024 10:11:28,"B",11.56,32.478,30.534,23.691,8.5483,0.67954,10.163,105.97,2.1924,1.346,8.2554
"BWQM","WN244","N07",14-MAY-2024 10:11:28,"C",24.06,30.785,30.842,24.252,6.1426,0.87868,8.9794,88.82,0.7099,0.82247,8.0509
"BWQM","WN244","N07",14-MAY-2024 10:11:28,"D",35.71,30.385,31.298,24.725,5.1544,0.81256,8.6532,83.85,0.8669,0.89878,8.0236
"BWQM","WN244","N07",14-MAY-2024 10:11:28,"E",48.03,30.384,31.437,24.852,4.9998,0.96958,8.7656,84.69,0.9991,0.96136,8.0338
"BWQM","WN244","F15",14-MAY-2024 10:41:34,"A",1.56,34.602,30.272,23.027,11.402,0.78954,10.155,112.58,2.3104,0.80254,8.3199
"BWQM","WN244","F15",14-MAY-2024 10:41:34,"B",8.56,34.175,30.358,23.2,10.788,0.67899,10.359,113.34,2.0543,1.085,8.3352
"BWQM","WN244","F15",14-MAY-2024 10:41:34,"C",16.92,31.855,30.595,23.855,7.7225,0.63034,9.6508,98.78,1.8664,1.3399,8.1624
"BWQM","WN244","F15",14-MAY-2024 10:41:34,"D",26,30.69,30.979,24.392,5.875,0.91651,8.6318,84.88,0.5455,0.74005,8.0176
"BWQM","WN244","F15",14-MAY-2024 10:41:34,"E",34.91,30.351,31.381,24.805,5.0256,1.049,8.8088,85.11,1.2492,1.0758,8.0265
"BWQM","WN244","F10",14-MAY-2024 11:18:00,"A",1.71,33.851,30.466,23.369,10.277,0.65367,10.211,110.63,1.839,0.65153,8.3083
"BWQM","WN244","F10",14-MAY-2024 11:18:00,"B",7.75,31.867,30.62,23.876,7.7144,0.68444,9.8622,100.94,1.8365,0.93236,8.1846
"BWQM","WN244","F10",14-MAY-2024 11:18:00,"C",14.28,31.253,30.876,24.213,6.6785,0.71697,9.3105,93.2,0.9235,0.87436,8.1151
"BWQM","WN244","F10",14-MAY-2024 11:18:00,"D",21.72,30.937,30.94,24.32,6.22,0.71913,9.1971,91.15,0.8829,0.90641,8.0872
"BWQM","WN244","F10",14-MAY-2024 11:18:00,"E",27.92,30.622,31.089,24.502,5.6713,0.76652,9.1671,89.79,0.8605,0.89573,8.0702
"BWQM","WN244","F06",14-MAY-2024 11:53:59,"A",1.59,34.433,30.35,23.139,11.108,0.79053,10.052,110.7,1.8447,0.65956,8.301
"BWQM","WN244","F06",14-MAY-2024 11:53:59,"B",9.84,31.867,30.771,24.018,7.5413,0.61042,9.8313,100.32,1.1309,0.78584,8.2024
"BWQM","WN244","F06",14-MAY-2024 11:53:59,"C",17.34,31.241,30.927,24.262,6.6059,0.64035,9.2152,92.15,0.7037,0.81941,8.1202
"BWQM","WN244","F06",14-MAY-2024 11:53:59,"D",25.18,30.794,31.064,24.455,5.9092,0.85813,8.5873,84.52,1.3938,1.1399,8.0316
"BWQM","WN244","F06",14-MAY-2024 11:53:59,"E",32.17,30.527,31.206,24.622,5.4275,0.9879,8.5385,83.22,1.8143,1.3185,8.006
"BWQM","WN244","F13",14-MAY-2024 12:39:00,"A",1.63,34.768,30.213,22.933,11.672,0.93151,9.9288,110.69,1.9391,0.68205,8.2791
"BWQM","WN244","F13",14-MAY-2024 12:39:00,"B",6.63,33.999,30.237,23.117,10.725,0.9963,10.031,109.51,2.5495,1.1888,8.274
"BWQM","WN244","F13",14-MAY-2024 12:39:00,"C",11.57,33.615,30.412,23.364,10.054,0.63189,10.358,111.62,1.2782,1.027,8.3007
"BWQM","WN244","F13",14-MAY-2024 12:39:00,"D",17.54,32.475,30.549,23.706,8.5232,0.96389,9.456,98.6,1.4816,1.1781,8.1693
"BWQM","WN244","F13",14-MAY-2024 12:39:00,"E",23.06,31.456,30.783,24.096,7.0242,1.8368,8.9561,90.37,1.0681,0.99341,8.0392
"BWQM","WN245","F06",18-JUN-2024 07:21:49,"A",2.57,39.264,30.026,21.668,17.147,1.045,8.5999,106.96,,,8.2781
"BWQM","WN245","F06",18-JUN-2024 07:21:49,"B",9.2,37.698,30.158,22.208,15.167,1.065,9.2683,111,,,8.2678
"BWQM","WN245","F06",18-JUN-2024 07:21:49,"C",16.26,33.027,31.056,24.091,8.6032,0.8111,9.8331,102.96,,,8.1611
"BWQM","WN245","F06",18-JUN-2024 07:21:49,"D",23.24,31.269,31.304,24.607,6.224,0.65061,9.0031,89.49,,,8.0374
"BWQM","WN245","F06",18-JUN-2024 07:21:49,"E",31.07,30.97,31.412,24.749,5.7429,0.79433,8.8986,87.5,,,7.9989
"BWQM","WN245","F10",18-JUN-2024 07:55:34,"A",1.79,38.347,30.17,22.058,15.903,1.0481,8.9057,108.21,,,8.2918
"BWQM","WN245","F10",18-JUN-2024 07:55:34,"B",8.96,34.549,30.657,23.418,10.871,0.97182,9.9128,108.93,,,8.2522
"BWQM","WN245","F10",18-JUN-2024 07:55:34,"C",15.91,33.132,30.91,23.934,8.8941,0.85348,9.4136,99.19,,,8.1694
"BWQM","WN245","F10",18-JUN-2024 07:55:34,"D",23.44,31.282,31.245,24.551,6.3034,0.70642,8.6353,85.92,,,8.0357
"BWQM","WN245","F10",18-JUN-2024 07:55:34,"E",31.28,31.135,31.307,24.63,6.0547,0.73028,8.6686,85.83,,,8.0153
"BWQM","WN245","F15",18-JUN-2024 08:29:22,"A",1.68,38.302,30.19,22.091,15.825,1.3725,9.1748,111.34,,,8.2971
"BWQM","WN245","F15",18-JUN-2024 08:29:22,"B",11.58,33.108,30.73,23.766,9.0754,2.5898,9.7849,103.33,,,8.1992
"BWQM","WN245","F15",18-JUN-2024 08:29:22,"C",19.09,32.474,31.038,24.169,7.9641,0.68788,9.6902,100,,,8.1766
"BWQM","WN245","F15",18-JUN-2024 08:29:22,"D",27.08,31.045,31.279,24.617,5.9789,0.70641,8.8116,87.07,,,8.051
"BWQM","WN245","F15",18-JUN-2024 08:29:22,"E",36.05,30.855,31.428,24.78,5.585,0.92919,8.3927,82.2,,,7.9997
"BWQM","WN245","N07",18-JUN-2024 08:57:42,"A",1.86,39.033,30.135,21.845,16.737,1.1491,8.7896,108.51,2.0515,0.92625,8.2927
"BWQM","WN245","N07",18-JUN-2024 08:57:42,"B",11.92,32.962,30.998,24.047,8.5937,0.9268,10.244,107.27,3.2642,3.2919,8.2421
"BWQM","WN245","N07",18-JUN-2024 08:57:42,"C",23.46,31.705,31.269,24.509,6.785,0.65108,9.4653,95.22,1.2977,1.7489,8.1484
"BWQM","WN245","N07",18-JUN-2024 08:57:42,"D",36.47,31.315,31.473,24.757,6.0887,0.58314,9.4758,93.91,0.3914,0.9583,8.1086
"BWQM","WN245","N07",18-JUN-2024 08:57:42,"E",49.06,31.097,31.553,24.862,5.7354,0.88772,9.0483,89.06,0.0437,0.63474,8.0435
"BWQM","WN245","N18",18-JUN-2024 09:28:46,"A",1.55,37.822,30.224,22.246,15.227,1.4753,9.6326,115.5,3.511,1.6253,8.2959
"BWQM","WN245","N18",18-JUN-2024 09:28:46,"B",6.17,34.876,30.491,23.187,11.457,2.0055,10.824,120.27,8.5218,5.4485,8.2912
"BWQM","WN245","N18",18-JUN-2024 09:28:46,"C",10.86,31.452,30.771,24.085,7.0388,0.97038,9.1347,92.18,2.7178,2.8814,8.0282
"BWQM","WN245","N18",18-JUN-2024 09:28:46,"D",17.47,31.161,30.889,24.24,6.5512,0.76197,8.786,87.68,0.5621,1.1125,7.9879
"BWQM","WN245","N18",18-JUN-2024 09:28:46,"E",23.16,31.162,31.082,24.418,6.3372,0.66169,8.5528,85.1,0.2866,0.86215,7.9796
"BWQM","WN245","N21",18-JUN-2024 09:53:34,"A",1.8,38.444,30.129,21.991,16.069,1.3139,9.3243,113.57,2.6979,1.23,8.3007
"BWQM","WN245","N21",18-JUN-2024 09:53:34,"B",8.98,35.474,30.394,22.964,12.277,1.5504,10.715,121.07,3.7419,3.2904,8.3029
"BWQM","WN245","N21",18-JUN-2024 09:53:34,"C",16.83,31.197,30.873,24.219,6.6128,0.82304,8.9083,89.08,0.8263,1.346,8.0116
"BWQM","WN245","N21",18-JUN-2024 09:53:34,"D",24.13,31.152,30.953,24.3,6.4664,0.78248,8.8911,88.65,0.4217,0.98578,8.0064
"BWQM","WN245","N21",18-JUN-2024 09:53:34,"E",34.13,31.271,31.409,24.704,6.1068,0.70541,9.0293,89.49,0.1066,0.69426,8.0378
"BWQM","WN245","F22",18-JUN-2024 10:39:39,"A",1.92,39.228,30.132,21.791,16.965,1.2268,8.8328,109.59,1.9271,0.8652,8.307
"BWQM","WN245","F22",18-JUN-2024 10:39:39,"B",18.81,32.42,31.466,24.58,7.4224,0.86656,9.7999,100.2,3.4816,3.4522,8.1891
"BWQM","WN245","F22",18-JUN-2024 10:39:39,"C",36.78,31.019,31.548,24.867,5.6539,0.54699,9.174,90.12,0.2289,0.80873,8.088
"BWQM","WN245","F22",18-JUN-2024 10:39:39,"D",57.14,30.858,31.667,24.999,5.3233,0.58144,8.8231,86,-0.0267,0.56758,8.0398
"BWQM","WN245","F22",18-JUN-2024 10:39:39,"E",76.68,30.971,31.74,25.051,5.3713,0.91783,8.7298,85.25,0.0036,0.59658,8.0111
"BWQM","WN245","N04",18-JUN-2024 11:18:36,"A",1.65,38.316,30.365,22.271,15.612,1.2253,9.341,112.95,2.112,0.96746,8.2805
"BWQM","WN245","N04",18-JUN-2024 11:18:36,"B",10.69,33.454,30.859,23.826,9.3385,1.0212,10.294,109.51,2.2818,2.2816,8.245
"BWQM","WN245","N04",18-JUN-2024 11:18:36,"C",19.67,31.283,31.297,24.598,6.2499,0.56812,9.292,92.37,0.3797,0.94762,8.1055
"BWQM","WN245","N04",18-JUN-2024 11:18:36,"D",35.59,31.185,31.476,24.778,5.9303,0.61535,9.1095,90.01,0.0566,0.64695,8.0716
"BWQM","WN245","N04",18-JUN-2024 11:18:36,"E",47.63,31.066,31.55,24.863,5.7022,0.93039,8.9372,87.88,0.018,0.61032,8.0295
"BWQM","WN245","N01",18-JUN-2024 11:54:32,"A",1.63,38.03,30.262,22.234,15.418,1.8847,9.9491,119.72,2.9955,1.4833,8.2867
"BWQM","WN245","N01",18-JUN-2024 11:54:32,"B",7.58,33.527,30.891,23.843,9.3891,1.0524,10.41,110.86,2.275,2.0221,8.228
"BWQM","WN245","N01",18-JUN-2024 11:54:32,"C",14.55,32.113,31.156,24.339,7.4032,0.83379,9.7553,99.54,2.7119,2.8768,8.1337
"BWQM","WN245","N01",18-JUN-2024 11:54:32,"D",21.17,31.225,31.226,24.541,6.256,0.73364,8.9545,89.01,0.2817,0.85757,8.0404
"BWQM","WN245","N01",18-JUN-2024 11:54:32,"E",28.18,31.208,31.355,24.663,6.0931,0.92111,8.8147,87.36,0.1667,0.75073,8.0101
"BWQM","WN245","F23",18-JUN-2024 12:29:36,"A",1.65,38.326,29.709,21.574,16.492,2.1097,9.0272,110.63,2.6529,1.344,8.1927
"BWQM","WN245","F23",18-JUN-2024 12:29:36,"B",7.62,36.429,30.16,22.513,13.689,1.8512,9.2974,107.98,3.1266,3.1897,8.1886
"BWQM","WN245","F23",18-JUN-2024 12:29:36,"C",13.49,34.626,30.513,23.262,11.132,1.4126,9.1011,100.45,2.4853,2.7028,8.1343
"BWQM","WN245","F23",18-JUN-2024 12:29:36,"D",17.75,34.075,30.596,23.454,10.38,1.3107,9.0172,97.91,1.5126,1.9275,8.1055
"BWQM","WN245","F23",18-JUN-2024 12:29:36,"E",25.13,32.866,30.805,23.882,8.6943,1.1406,8.924,93.54,1.3507,1.7932,8.0653
"BWQM","WN245","F13",18-JUN-2024 13:20:27,"A",1.45,38.97,30.21,21.942,16.565,1.2391,9.0074,110.93,2.1865,0.8893,8.2425
"BWQM","WN245","F13",18-JUN-2024 13:20:27,"B",5.47,37.768,30.232,22.268,15.153,1.4987,9.6273,115.3,2.701,1.7687,8.2473
"BWQM","WN245","F13",18-JUN-2024 13:20:27,"C",11.2,33.245,30.791,23.799,9.1693,1.0895,8.7698,92.9,3.1925,3.2385,8.0669
"BWQM","WN245","F13",18-JUN-2024 13:20:27,"D",16.4,32.3,30.938,24.104,7.8703,0.84304,8.3186,85.67,1.5367,1.9473,7.9913
"BWQM","WN245","F13",18-JUN-2024 13:20:27,"E",22.28,31.514,31.136,24.415,6.7029,0.73615,8.3014,83.35,0.2767,0.85299,7.962
"BWQM","WN246","F06",24-JUL-2024 07:31:50,"A",1.94,38.424,31.164,23.077,14.716,2.253,11.098,132.43,3.62,3.4245,8.337
"BWQM","WN246","F06",24-JUL-2024 07:31:50,"B",7.22,32.901,31.461,24.496,8.0027,1.0028,8.4336,87.39,2.88,2.9333,8.0097
"BWQM","WN246","F06",24-JUL-2024 07:31:50,"C",15.49,32.366,31.546,24.663,7.2727,0.77342,8.1602,83.18,0.4,1.059,7.9787
"BWQM","WN246","F06",24-JUL-2024 07:31:50,"D",20.97,32.238,31.581,24.716,7.0809,0.7774,8.1601,82.84,0.11,0.80568,7.97
"BWQM","WN246","F06",24-JUL-2024 07:31:50,"E",29.59,31.996,31.635,24.804,6.7296,0.94792,8.2102,82.68,0.08,0.77515,7.9701
"BWQM","WN246","F10",24-JUL-2024 08:05:27,"A",1.84,40.711,31.112,22.454,17.341,2.0283,10.397,130.62,1.82,2.1808,8.347
"BWQM","WN246","F10",24-JUL-2024 08:05:27,"B",8.71,34.701,31.408,24.122,10.166,1.0499,10.628,115.52,1.31,1.7977,8.2232
"BWQM","WN246","F10",24-JUL-2024 08:05:27,"C",15.61,32.6,31.638,24.712,7.447,1.1589,9.0432,92.66,2.24,2.4861,8.0717
"BWQM","WN246","F10",24-JUL-2024 08:05:27,"D",22.35,32.355,31.637,24.75,7.1568,1.1208,8.6389,87.88,1.19,1.7016,8.028
"BWQM","WN246","F10",24-JUL-2024 08:05:27,"E",29.26,32.133,31.682,24.827,6.8419,1.1412,8.3915,84.76,0.36,1.027,7.9988
"BWQM","WN246","F15",24-JUL-2024 08:39:37,"A",2,38.714,31.292,23.141,14.883,1.3633,9.9602,119.43,0.9,1.4726,8.2338
"BWQM","WN246","F15",24-JUL-2024 08:39:37,"B",9.82,34.758,31.531,24.23,10.09,1.2883,10.31,111.94,1.15,1.6726,8.2074
"BWQM","WN246","F15",24-JUL-2024 08:39:37,"C",17.73,32.661,31.659,24.722,7.4955,1.2492,9.1373,93.72,4.1,3.7361,8.093
"BWQM","WN246","F15",24-JUL-2024 08:39:37,"D",26.27,32.229,31.7,24.829,6.9369,1.1206,8.3928,85.03,0.45,1.1033,8.0216
"BWQM","WN246","F15",24-JUL-2024 08:39:37,"E",35.06,32.399,31.771,24.869,7.0559,1.0729,8.5531,86.92,0.48,1.1292,8.0303
"BWQM","WN246","N07",24-JUL-2024 09:02:01,"A",1.86,40.627,31.193,22.562,17.143,1.3156,9.5383,119.53,0.68,1.2926,8.255
"BWQM","WN246","N07",24-JUL-2024 09:02:01,"B",13.26,32.757,31.581,24.633,7.6974,0.78503,9.1531,94.26,1.67,2.0694,8.1082
"BWQM","WN246","N07",24-JUL-2024 09:02:01,"C",24.31,32.289,31.624,24.749,7.0919,0.81,8.5686,87.08,0.38,1.0438,8.0473
"BWQM","WN246","N07",24-JUL-2024 09:02:01,"D",35.06,32.186,31.701,24.838,6.88,0.86113,8.4808,85.75,0.22,0.89725,8.0324
"BWQM","WN246","N07",24-JUL-2024 09:02:01,"E",45.77,32.149,31.761,24.9,6.7661,1.0455,8.4311,85.08,0.11,0.80263,8.0203
"BWQM","WN246","N18",24-JUL-2024 09:32:46,"A",1.97,39.193,31.273,23.006,15.444,1.2165,9.8646,119.57,0.93,1.5014,8.2305
"BWQM","WN246","N18",24-JUL-2024 09:32:46,"B",7.54,36.074,31.412,23.851,11.744,1.1159,10.319,116.07,1.58,2.0023,8.2131
"BWQM","WN246","N18",24-JUL-2024 09:32:46,"C",12.81,33.608,31.529,24.439,8.7534,1.0099,10.154,107.11,2.85,2.9104,8.1773
"BWQM","WN246","N18",24-JUL-2024 09:32:46,"D",18.53,32.775,31.569,24.619,7.729,0.79949,9.1551,94.38,1.83,2.1885,8.0788
"BWQM","WN246","N18",24-JUL-2024 09:32:46,"E",24.34,32.639,31.626,24.695,7.5031,0.67746,8.7739,89.99,0.53,1.1674,8.0441
"BWQM","WN246","N21",24-JUL-2024 09:55:24,"A",1.99,40.166,31.234,22.724,16.577,1.2386,9.6201,119.21,0.72,1.3277,8.2404
"BWQM","WN246","N21",24-JUL-2024 09:55:24,"B",9.18,33.605,31.364,24.282,8.9379,0.99946,9.8519,104.14,2.41,2.6067,8.1462
"BWQM","WN246","N21",24-JUL-2024 09:55:24,"C",16.32,32.87,31.393,24.438,8.0376,0.87623,9.2154,95.5,1.68,2.0801,8.0819
"BWQM","WN246","N21",24-JUL-2024 09:55:24,"D",23.44,32.612,31.472,24.555,7.641,0.78623,9.0265,92.77,1.13,1.6589,8.0627
"BWQM","WN246","N21",24-JUL-2024 09:55:24,"E",31.29,32.473,31.606,24.704,7.3249,0.86172,8.7349,89.22,0.9,1.4742,8.0465
"BWQM","WN246","F22",24-JUL-2024 10:46:50,"A",2.09,41.182,31.233,22.462,17.703,1.0871,8.8242,111.7,0.13,0.82022,8.2294
"BWQM","WN246","F22",24-JUL-2024 10:46:50,"B",11.94,37.47,31.283,23.42,13.487,1.2111,9.6932,112.97,1.11,1.6451,8.1966
"BWQM","WN246","F22",24-JUL-2024 10:46:50,"C",21.56,32.956,31.676,24.69,7.8229,1.2045,9.7948,101.19,3.96,3.6476,8.1679
"BWQM","WN246","F22",24-JUL-2024 10:46:50,"D",49.82,32.036,31.84,24.99,6.5461,0.90388,8.4289,84.71,-0.13,0.58284,8.053
"BWQM","WN246","F22",24-JUL-2024 10:46:50,"E",78.11,31.743,31.904,25.094,6.1168,1.4049,8.2685,82.27,-0.18,0.53553,8.0198
"BWQM","WN246","N04",24-JUL-2024 11:32:31,"A",2.08,37.937,31.28,23.31,14.023,1.5156,10.7,126.03,3.42,3.2976,8.2733
"BWQM","WN246","N04",24-JUL-2024 11:32:31,"B",13.98,32.876,31.438,24.479,7.9949,0.82975,9.2731,96.09,1.7,2.0954,8.1108
"BWQM","WN246","N04",24-JUL-2024 11:32:31,"C",25.49,32.454,31.597,24.697,7.3162,0.89692,8.6041,87.89,0.36,1.0255,8.0651
"BWQM","WN246","N04",24-JUL-2024 11:32:31,"D",37.38,32.134,31.696,24.841,6.8229,0.86661,8.3333,84.17,0.03,0.73089,8.0426
"BWQM","WN246","N04",24-JUL-2024 11:32:31,"E",49.34,32.148,31.763,24.901,6.7612,1.0815,8.3606,84.37,-0.01,0.69121,8.04
"BWQM","WN246","N01",24-JUL-2024 12:14:17,"A",2.09,38.318,31.264,23.205,14.473,1.8621,10.159,120.8,4.08,3.7201,8.2133
"BWQM","WN246","N01",24-JUL-2024 12:14:17,"B",8.66,35.439,31.36,23.931,11.074,1.9171,10.597,117.48,10.27,7.1869,8.2249
"BWQM","WN246","N01",24-JUL-2024 12:14:17,"C",15.55,33.229,31.457,24.437,8.3891,1.026,9.1609,95.73,1,1.5535,8.0827
"BWQM","WN246","N01",24-JUL-2024 12:14:17,"D",22.41,32.827,31.589,24.629,7.7669,0.87618,8.9651,92.52,0.46,1.1109,8.0727
"BWQM","WN246","N01",24-JUL-2024 12:14:17,"E",29.06,32.292,31.626,24.751,7.09,1.0401,8.0478,81.79,-0.06,0.64695,7.9843
"BWQM","WN246","F23",24-JUL-2024 12:52:07,"A",1.86,36.288,31.315,23.71,12.106,1.7195,8.7187,98.74,1.86,2.2144,8.0807
"BWQM","WN246","F23",24-JUL-2024 12:52:07,"B",7.1,35.758,31.342,23.847,11.464,1.5093,8.5305,95.31,1.67,2.0725,8.0585
"BWQM","WN246","F23",24-JUL-2024 12:52:07,"C",12.93,35.755,31.341,23.848,11.459,1.5062,8.5288,95.29,1.49,1.9382,8.0545
"BWQM","WN246","F23",24-JUL-2024 12:52:07,"D",18.72,35.043,31.383,24.033,10.586,1.4189,8.6414,94.75,1.31,1.7993,8.0528
"BWQM","WN246","F23",24-JUL-2024 12:52:07,"E",24.54,34.785,31.397,24.097,10.268,1.4069,8.6102,93.79,1.1,1.6344,8.0481
"BWQM","WN246","F13",24-JUL-2024 13:42:11,"A",1.96,38.779,31.231,23.061,15.033,1.5894,10.137,121.84,3.02,3.0294,8.2466
"BWQM","WN246","F13",24-JUL-2024 13:42:11,"B",6.01,35.305,31.408,24.003,10.866,1.1766,9.3458,103.15,3.05,3.0493,8.1323
"BWQM","WN246","F13",24-JUL-2024 13:42:11,"C",12.7,33.208,31.512,24.492,8.3046,0.8118,8.4288,87.98,0.51,1.1506,8.0309
"BWQM","WN246","F13",24-JUL-2024 13:42:11,"D",18.71,32.747,31.565,24.62,7.6999,0.86023,8.3737,86.24,0.29,0.96441,8.0165
"BWQM","WN246","F13",24-JUL-2024 13:42:11,"E",24.6,32.48,31.615,24.71,7.3269,0.7259,8.4009,85.81,0.22,0.90336,8.0176
"BWQM","WN247","F13",21-AUG-2024 07:51:00,"A",1.79,41.64,30.954,22.037,18.577,0.9394,8.0119,102.98,1.5693,1.4163,8.2904
"BWQM","WN247","F13",21-AUG-2024 07:51:00,"B",6.69,41.574,30.956,22.058,18.499,0.94864,7.9791,102.43,2.2659,2.3472,8.2745
"BWQM","WN247","F13",21-AUG-2024 07:51:00,"C",11.65,39.557,31.178,22.819,15.966,1.19,7.4852,91.62,2.7025,2.5792,8.1043
"BWQM","WN247","F13",21-AUG-2024 07:51:00,"D",17.46,35.779,31.482,23.983,11.318,1.1136,7.1022,79.18,0,0.90183,7.9939
"BWQM","WN247","F13",21-AUG-2024 07:51:00,"E",23.26,35.147,31.543,24.169,10.518,1.1969,7.1394,78.28,-0.1983,0.74463,7.9929
"BWQM","WN247","F23",21-AUG-2024 08:45:59,"A",1.73,40.949,30.905,22.169,17.877,2.1141,7.2496,91.88,4.81,2.3754,8.1212
"BWQM","WN247","F23",21-AUG-2024 08:45:59,"B",7.7,40.815,30.932,22.235,17.689,2.1276,7.2082,91.13,3.1772,2.8203,8.1145
"BWQM","WN247","F23",21-AUG-2024 08:45:59,"C",13.52,40.354,31,22.429,17.084,2.0694,7.2087,90.11,2.7555,2.6067,8.1071
"BWQM","WN247","F23",21-AUG-2024 08:45:59,"D",18.39,39.446,31.062,22.725,15.988,2.3026,7.1749,87.82,2.522,2.4846,8.0912
"BWQM","WN247","F23",21-AUG-2024 08:45:59,"E",25.37,37.158,31.306,23.515,13.099,2.9629,7.1252,82.37,1.319,1.8023,8.0223
"BWQM","WN247","N01",21-AUG-2024 09:21:41,"A",1.81,40.952,31.036,22.31,17.707,1.7811,8.315,105.25,4.8606,2.3256,8.2729
"BWQM","WN247","N01",21-AUG-2024 09:21:41,"B",8.6,40.256,31.084,22.543,16.868,1.5073,8.0626,100.41,7.9573,4.8335,8.2237
"BWQM","WN247","N01",21-AUG-2024 09:21:41,"C",15.57,35.509,31.494,24.048,10.996,0.70235,7.724,85.54,0.7772,1.4574,8.0574
"BWQM","WN247","N01",21-AUG-2024 09:21:41,"D",22.22,33.781,31.585,24.463,8.888,0.6462,7.6762,81.23,-0.2578,0.69579,8.0172
"BWQM","WN247","N01",21-AUG-2024 09:21:41,"E",29.14,33.187,31.669,24.646,8.0965,0.99513,7.5112,78.08,-0.4311,0.54927,7.9901
"BWQM","WN247","N04",21-AUG-2024 09:59:28,"A",1.75,41.418,30.999,22.146,18.272,0.87738,8.0995,103.57,1.1802,0.88769,8.2912
"BWQM","WN247","N04",21-AUG-2024 09:59:28,"B",10.16,40.027,31.158,22.68,16.516,0.90959,8.6601,107.18,2.2043,2.3136,8.2709
"BWQM","WN247","N04",21-AUG-2024 09:59:28,"C",18.62,35.376,31.694,24.27,10.609,0.79705,8.3962,92.27,4.2371,3.324,8.1286
"BWQM","WN247","N04",21-AUG-2024 09:59:28,"D",33.02,33.724,31.787,24.666,8.5914,0.51592,7.8701,82.84,0.1098,0.98578,8.0463
"BWQM","WN247","N04",21-AUG-2024 09:59:28,"E",47.78,32.521,31.772,24.852,7.1929,0.8213,7.5835,77.3,-0.4852,0.50195,7.9887
"BWQM","WN247","F22",21-AUG-2024 10:34:23,"A",1.75,41.815,30.762,21.779,19.029,0.95276,7.9286,102.7,1.8809,0.89251,8.3122
"BWQM","WN247","F22",21-AUG-2024 10:34:23,"B",17.24,35.403,31.562,24.136,10.794,0.73108,7.9497,87.65,2.1847,2.3029,8.0949
"BWQM","WN247","F22",21-AUG-2024 10:34:23,"C",38.56,33.963,31.742,24.582,8.9156,0.51608,7.9771,84.5,-0.0685,0.84841,8.064
"BWQM","WN247","F22",21-AUG-2024 10:34:23,"D",58.28,32.675,31.823,24.876,7.3132,0.58341,7.9495,81.28,-0.4591,0.52485,8.0405
"BWQM","WN247","F22",21-AUG-2024 10:34:23,"E",77.68,32.234,31.891,25.009,6.7107,1.345,7.8178,78.89,-0.4609,0.52332,8.0014
"BWQM","WN247","N21",21-AUG-2024 11:26:54,"A",1.75,41.176,30.934,22.141,18.09,1.3136,8.553,108.96,2.635,1.3429,8.3043
"BWQM","WN247","N21",21-AUG-2024 11:26:54,"B",10.52,39.963,31.061,22.593,16.571,1.1272,8.4178,104.18,5.7035,3.9589,8.2562
"BWQM","WN247","N21",21-AUG-2024 11:26:54,"C",18.45,33.599,31.361,24.281,8.9305,0.83046,7.5853,80.18,-0.2965,0.66374,7.9537
"BWQM","WN247","N21",21-AUG-2024 11:26:54,"D",26.25,33.26,31.599,24.567,8.2619,0.72174,7.6613,79.89,-0.4152,0.563,7.9855
"BWQM","WN247","N21",21-AUG-2024 11:26:54,"E",34.75,33.105,31.687,24.677,7.9781,0.72157,7.6417,79.27,-0.4205,0.55842,7.9822
"BWQM","WN247","N18",21-AUG-2024 11:54:01,"A",1.82,41.784,30.995,22.043,18.682,1.1049,8.1552,105.09,2.5768,1.1705,8.28
"BWQM","WN247","N18",21-AUG-2024 11:54:01,"B",6.24,41.22,30.996,22.196,18.055,1.0459,8.3,105.73,2.8834,1.9977,8.2787
"BWQM","WN247","N18",21-AUG-2024 11:54:01,"C",10.63,39.158,31.16,22.897,15.544,1.0292,8.596,104.32,4.6972,3.53,8.212
"BWQM","WN247","N18",21-AUG-2024 11:54:01,"D",18.44,34.207,31.503,24.307,9.4788,0.76686,7.6075,81.54,-0.1624,0.77363,7.9826
"BWQM","WN247","N18",21-AUG-2024 11:54:01,"E",25.4,33.925,31.545,24.399,9.0997,0.76795,7.6395,81.18,-0.2393,0.71105,7.9821
"BWQM","WN247","N07",21-AUG-2024 12:21:14,"A",1.72,42.263,31.03,21.95,19.163,0.81311,8.079,105.06,2.3384,1.0725,8.2919
"BWQM","WN247","N07",21-AUG-2024 12:21:14,"B",13.32,34.772,31.528,24.225,10.107,0.72402,8.2589,89.67,2.2519,2.3396,8.0777
"BWQM","WN247","N07",21-AUG-2024 12:21:14,"C",25.29,33.116,31.69,24.677,7.9918,0.49099,7.9151,82.11,-0.187,0.75379,8.0276
"BWQM","WN247","N07",21-AUG-2024 12:21:14,"D",37.14,32.57,31.805,24.874,7.2202,0.66988,7.8032,79.62,-0.4556,0.5279,8.0039
"BWQM","WN247","N07",21-AUG-2024 12:21:14,"E",49.79,32.563,31.816,24.887,7.1922,1.066,7.7149,78.64,-0.4591,0.52485,7.983
"BWQM","WN247","F15",21-AUG-2024 12:50:20,"A",1.78,42.173,31.008,21.951,19.093,1.0556,8.2244,106.81,2.4635,1.2556,8.3013
"BWQM","WN247","F15",21-AUG-2024 12:50:20,"B",8.63,38.08,31.267,23.265,14.198,1.0515,8.6961,102.79,7.2325,4.5633,8.1925
"BWQM","WN247","F15",21-AUG-2024 12:50:20,"C",18.35,33.957,31.337,24.193,9.377,0.7583,7.7384,82.59,0.0396,0.93236,7.9593
"BWQM","WN247","F15",21-AUG-2024 12:50:20,"D",27.02,33.726,31.599,24.487,8.8055,0.52166,7.9586,84.04,-0.1794,0.75989,8.0077
"BWQM","WN247","F15",21-AUG-2024 12:50:20,"E",37.06,33.293,31.767,24.72,8.1095,0.80609,7.8075,81.24,-0.2671,0.68816,7.9905
"BWQM","WN247","F10",21-AUG-2024 13:24:36,"A",1.77,42.43,31.124,22.008,19.22,0.86055,8.0157,104.37,1.761,1.0805,8.2702
"BWQM","WN247","F10",21-AUG-2024 13:24:36,"B",10.54,39.001,31.286,23.067,15.209,1.1546,8.6372,104.19,7.3897,4.6228,8.1932
"BWQM","WN247","F10",21-AUG-2024 13:24:36,"C",16.34,35.579,31.498,24.039,11.071,0.6884,7.7589,86.02,0.4512,1.2346,8.0317
"BWQM","WN247","F10",21-AUG-2024 13:24:36,"D",24.24,34.105,31.638,24.456,9.2048,0.63706,7.9667,84.93,0.0635,0.95067,8.0156
"BWQM","WN247","F10",21-AUG-2024 13:24:36,"E",32.11,33.681,31.682,24.573,8.6589,0.65794,7.9071,83.23,-0.0354,0.87436,7.9993
"BWQM","WN247","F06",21-AUG-2024 13:54:04,"A",1.69,41.662,31.175,22.272,18.309,0.98965,8.3294,106.65,1.9595,1.1592,8.2505
"BWQM","WN247","F06",21-AUG-2024 13:54:04,"B",9.56,38.414,31.33,23.252,14.496,1.0122,8.359,99.39,3.2019,2.8325,8.1643
"BWQM","WN247","F06",21-AUG-2024 13:54:04,"C",17.31,35.34,31.535,24.122,10.752,0.68963,8.298,91.39,1.4347,1.8725,8.076
"BWQM","WN247","F06",21-AUG-2024 13:54:04,"D",25.09,34.145,31.629,24.44,9.2607,0.61081,7.9659,85.01,0.1381,1.0071,8.0248
"BWQM","WN247","F06",21-AUG-2024 13:54:04,"E",33.08,33.745,31.675,24.556,8.7397,0.65039,7.9827,84.21,-0.0431,0.86825,8.0139
"BWQM","WN248","F13",04-SEP-2024 07:56:10,"A",1.34,41.905,31.154,22.183,18.604,1.133,8.075,103.93,2.1551,1.6039,8.2795
"BWQM","WN248","F13",04-SEP-2024 07:56:10,"B",7.37,41.799,31.161,22.22,18.476,1.1655,8.0238,103.13,2.6226,2.6708,8.2681
"BWQM","WN248","F13",04-SEP-2024 07:56:10,"C",13.23,39.369,31.283,22.975,15.623,1.0689,6.8108,82.86,2.5581,2.8814,8.0687
"BWQM","WN248","F13",04-SEP-2024 07:56:10,"D",18.26,35.85,31.478,23.964,11.405,0.83046,6.2614,69.96,0.482,1.0026,7.9055
"BWQM","WN248","F13",04-SEP-2024 07:56:10,"E",23.04,35.12,31.543,24.173,10.488,0.8818,6.3715,69.79,0.2554,0.78126,7.9065
"BWQM","WN248","F23",04-SEP-2024 08:48:32,"A",1.41,41.48,31.122,22.263,18.178,1.729,7.0827,90.46,3.4439,2.1906,8.0942
"BWQM","WN248","F23",04-SEP-2024 08:48:32,"B",7.28,41.359,31.143,22.318,18.014,1.6608,7.0705,90.07,1.9171,2.1991,8.093
"BWQM","WN248","F23",04-SEP-2024 08:48:32,"C",13.13,41.296,31.156,22.35,17.925,1.6772,7.1174,90.44,1.7999,2.2205,8.0973
"BWQM","WN248","F23",04-SEP-2024 08:48:32,"D",19.07,41.146,31.169,22.405,17.74,1.6829,7.2214,91.53,1.9345,2.3396,8.1069
"BWQM","WN248","F23",04-SEP-2024 08:48:32,"E",24.91,40.08,31.248,22.763,16.455,1.7941,6.9483,85.89,1.532,1.9809,8.0647
"BWQM","WN248","N01",04-SEP-2024 09:23:12,"A",1.47,41.597,31.092,22.199,18.347,1.1069,8.2311,105.39,2.3753,1.4645,8.2762
"BWQM","WN248","N01",04-SEP-2024 09:23:12,"B",7.29,41.201,31.104,22.318,17.891,1.0996,8.1461,103.51,3.7508,3.0554,8.2335
"BWQM","WN248","N01",04-SEP-2024 09:23:12,"C",14.12,36.413,31.508,23.876,12.014,1.034,7.4512,84.29,3.5663,3.7269,8.0201
"BWQM","WN248","N01",04-SEP-2024 09:23:12,"D",22.05,35.13,31.581,24.209,10.455,0.9012,6.7153,73.55,0.7515,1.2605,7.9217
"BWQM","WN248","N01",04-SEP-2024 09:23:12,"E",29.08,34.371,31.67,24.438,9.475,0.98814,6.5647,70.36,0.3346,0.8591,7.9031
"BWQM","WN248","N04",04-SEP-2024 10:00:19,"A",1.35,41.821,31.125,22.174,18.55,1.1821,8.2962,106.77,2.7085,1.6726,8.2756
"BWQM","WN248","N04",04-SEP-2024 10:00:19,"B",13.17,38.721,31.292,23.14,14.886,1.0753,8.0986,97.11,4.8789,4.7831,8.1476
"BWQM","WN248","N04",04-SEP-2024 10:00:19,"C",23.97,35.667,31.608,24.13,11.039,0.59095,7.3026,80.96,0.9822,1.4772,7.9968
"BWQM","WN248","N04",04-SEP-2024 10:00:19,"D",34.74,34.172,31.753,24.554,9.1483,0.56937,7.2234,76.93,0.1844,0.71105,7.9532
"BWQM","WN248","N04",04-SEP-2024 10:00:19,"E",46.51,33.49,31.785,24.705,8.3141,0.69857,7.1159,74.43,0.0211,0.54774,7.9273
"BWQM","WN248","F22",04-SEP-2024 10:35:59,"A",1.48,41.395,31.07,22.229,18.153,1.0459,8.0624,102.84,1.9236,1.1078,8.2463
"BWQM","WN248","F22",04-SEP-2024 10:35:59,"B",13.1,36.971,31.566,23.816,12.58,0.90251,7.5503,86.49,3.4584,3.3225,8.0654
"BWQM","WN248","F22",04-SEP-2024 10:35:59,"C",33.3,34.206,31.93,24.718,8.9892,0.50556,7.6608,81.41,0.4742,0.99493,8.0142
"BWQM","WN248","F22",04-SEP-2024 10:35:59,"D",54.55,33.289,32.048,24.987,7.787,0.83122,7.4768,77.4,-0.0408,0.48516,7.9852
"BWQM","WN248","F22",04-SEP-2024 10:35:59,"E",77.52,32.182,31.937,25.059,6.6001,1.6488,7.1778,72.21,-0.0318,0.49432,7.9244
"BWQM","WN248","N21",04-SEP-2024 11:55:54,"A",1.42,42.792,31.024,21.797,19.751,0.96149,7.9094,103.93,2.006,1.1155,8.2569
"BWQM","WN248","N21",04-SEP-2024 11:55:54,"B",13.31,41.41,31.2,22.367,17.994,1.3363,8.1894,104.32,4.1947,4.0444,8.2291
"BWQM","WN248","N21",04-SEP-2024 11:55:54,"C",19.99,35.545,31.433,23.982,11.106,0.74856,7.3785,81.89,1.7364,2.164,7.957
"BWQM","WN248","N21",04-SEP-2024 11:55:54,"D",26.9,35.051,31.57,24.213,10.375,0.66023,7.1521,78.17,0.834,1.3383,7.9399
"BWQM","WN248","N21",04-SEP-2024 11:55:54,"E",34.53,34.338,31.682,24.456,9.4206,0.72937,7.0677,75.67,0.2075,0.73394,7.9232
"BWQM","WN248","N18",04-SEP-2024 12:22:24,"A",1.51,43.199,31.019,21.677,20.203,0.93543,7.8466,104.07,2.0557,1.23,8.2461
"BWQM","WN248","N18",04-SEP-2024 12:22:24,"B",7.36,41.715,31.187,22.271,18.349,1.4313,8.319,106.65,4.4227,3.5117,8.2357
"BWQM","WN248","N18",04-SEP-2024 12:22:24,"C",13.22,40.856,31.226,22.54,17.348,1.1843,7.2253,90.88,2.99,3.2477,8.1022
"BWQM","WN248","N18",04-SEP-2024 12:22:24,"D",19.07,36.739,31.519,23.819,12.369,0.96722,7.7792,88.7,4.1625,4.2123,8.0455
"BWQM","WN248","N18",04-SEP-2024 12:22:24,"E",24.83,34.728,31.644,24.347,9.918,0.65475,7.0624,76.43,0.2724,0.79805,7.9379
"BWQM","WN248","N07",04-SEP-2024 12:51:08,"A",1.58,42.752,30.981,21.76,19.766,0.98182,7.9598,104.6,1.4231,0.79957,8.2564
"BWQM","WN248","N07",04-SEP-2024 12:51:08,"B",10.22,41.779,30.995,22.046,18.672,1.0928,8.0239,103.4,2.4323,2.1869,8.2618
"BWQM","WN248","N07",04-SEP-2024 12:51:08,"C",20.01,36.61,31.532,23.86,12.207,0.82497,7.5687,86.01,3.1374,3.3713,8.045
"BWQM","WN248","N07",04-SEP-2024 12:51:08,"D",33.67,34.53,31.775,24.51,9.5378,0.52842,7.3796,79.27,0.3097,0.83468,7.9704
"BWQM","WN248","N07",04-SEP-2024 12:51:08,"E",47.37,33.596,31.841,24.741,8.374,0.84333,7.3144,76.59,0.0803,0.60726,7.9444
"BWQM","WN248","F15",04-SEP-2024 13:20:05,"A",1.36,42.554,31.082,21.928,19.412,0.79765,7.8414,102.5,1.2139,0.80254,8.2595
"BWQM","WN248","F15",04-SEP-2024 13:20:05,"B",11.24,41.566,31.13,22.25,18.258,0.87039,7.9452,101.6,1.7606,1.8267,8.2411
"BWQM","WN248","F15",04-SEP-2024 13:20:05,"C",21.04,36.816,31.752,24.035,12.181,0.8455,7.9572,90.53,3.293,3.501,8.0788
"BWQM","WN248","F15",04-SEP-2024 13:20:05,"D",28.87,34.426,31.777,24.531,9.417,0.56483,7.2925,78.16,0.3393,0.86368,7.9592
"BWQM","WN248","F15",04-SEP-2024 13:20:05,"E",36.62,33.615,31.782,24.68,8.4675,0.83829,7.2395,75.97,0.062,0.58895,7.9406
"BWQM","WN248","F10",04-SEP-2024 13:54:21,"A",1.42,42.869,31.105,21.865,19.727,0.95074,7.9468,104.43,2.1462,1.2717,8.2557
"BWQM","WN248","F10",04-SEP-2024 13:54:21,"B",10.23,39.115,31.327,23.082,15.286,1.1689,7.4208,89.73,5.1748,4.3618,8.1115
"BWQM","WN248","F10",04-SEP-2024 13:54:21,"C",17.2,35.758,31.554,24.057,11.211,0.72385,6.7743,75.35,0.8113,1.317,7.9482
"BWQM","WN248","F10",04-SEP-2024 13:54:21,"D",23.95,34.356,31.727,24.495,9.3955,0.67875,7.2208,77.31,0.2849,0.81026,7.9538
"BWQM","WN248","F10",04-SEP-2024 13:54:21,"E",30.87,34.201,31.744,24.541,9.1929,0.67482,7.2611,77.41,0.2167,0.7431,7.9528
"BWQM","WN248","F06",04-SEP-2024 14:28:33,"A",1.44,42.303,31.182,22.106,19.004,1.2185,8.1288,105.43,2.7265,1.6878,8.2523
"BWQM","WN248","F06",04-SEP-2024 14:28:33,"B",8.29,40.465,31.252,22.668,16.883,1.3361,8.2239,102.54,4.7713,4.0459,8.2246
"BWQM","WN248","F06",04-SEP-2024 14:28:33,"C",15.26,37.46,31.434,23.576,13.29,0.95238,7.2488,84.19,3.7712,3.8948,8.0515
"BWQM","WN248","F06",04-SEP-2024 14:28:33,"D",23.01,35.72,31.579,24.09,11.134,0.73832,7.1793,79.77,1.1866,1.6665,7.9835
"BWQM","WN248","F06",04-SEP-2024 14:28:33,"E",30.84,34.039,31.8,24.623,8.9425,0.72903,7.3504,77.95,0.1445,0.67137,7.962
"BWQM","WN249","F06",17-OCT-2024 07:13:50,"A",1.8,38.612,31.767,23.652,14.186,0.88336,7.7496,91.82,3.5112,2.2099,8.2665
"BWQM","WN249","F06",17-OCT-2024 07:13:50,"B",8.54,38.617,31.767,23.652,14.187,0.85819,7.7299,91.59,3.3446,2.5899,8.2633
"BWQM","WN249","F06",17-OCT-2024 07:13:50,"C",14.56,38.62,31.767,23.652,14.188,0.85331,7.7226,91.5,3.5269,2.741,8.2638
"BWQM","WN249","F06",17-OCT-2024 07:13:50,"D",21.32,38.624,31.767,23.652,14.19,0.86062,7.7373,91.78,3.2329,2.5899,8.2682
"BWQM","WN249","F06",17-OCT-2024 07:13:50,"E",28.37,38.604,31.767,23.658,14.164,0.84468,7.7061,91.3,3.4579,2.7059,8.2676
"BWQM","WN249","F10",17-OCT-2024 07:44:51,"A",1.64,38.62,31.698,23.581,14.277,,7.7239,91.73,4.7518,2.7272,8.2678
"BWQM","WN249","F10",17-OCT-2024 07:44:51,"B",9.66,38.63,31.7,23.581,14.284,0.92392,7.7006,91.46,4.263,3.1057,8.2666
"BWQM","WN249","F10",17-OCT-2024 07:44:51,"C",17.57,38.645,31.71,23.588,14.285,0.8834,7.6283,90.6,3.1715,2.5578,8.2631
"BWQM","WN249","F10",17-OCT-2024 07:44:51,"D",25.29,37.975,31.772,23.804,13.457,0.7084,7.1751,83.82,1.4651,1.5947,8.2026
"BWQM","WN249","F10",17-OCT-2024 07:44:51,"E",32.47,36.683,31.865,24.176,11.892,0.72089,6.6908,75.69,0.1488,0.708,8.1137
"BWQM","WN249","F15",17-OCT-2024 08:20:46,"A",1.58,38.859,31.722,23.55,14.515,0.92253,7.6872,91.73,4.1483,2.3882,8.2841
"BWQM","WN249","F15",17-OCT-2024 08:20:46,"B",10.62,38.861,31.722,23.55,14.513,0.85178,7.6795,91.64,3.2601,2.5716,8.2805
"BWQM","WN249","F15",17-OCT-2024 08:20:46,"C",19.43,38.851,31.721,23.553,14.498,0.84374,7.6667,91.49,3.4012,2.6769,8.2789
"BWQM","WN249","F15",17-OCT-2024 08:20:46,"D",28.11,37.906,31.816,23.864,13.327,0.7164,6.8116,79.39,0.8149,1.1781,8.1653
"BWQM","WN249","F15",17-OCT-2024 08:20:46,"E",37.23,35.349,32.071,24.643,10.14,1.5296,5.9183,64.54,-0.0946,0.52179,7.9893
"BWQM","WN249","N07",17-OCT-2024 08:48:04,"A",2,38.659,31.713,23.587,14.303,0.91058,7.604,90.31,4.1496,2.5858,8.2628
"BWQM","WN249","N07",17-OCT-2024 08:48:04,"B",13.64,38.629,31.713,23.595,14.264,0.88647,7.573,89.94,4.1277,3.0401,8.2523
"BWQM","WN249","N07",17-OCT-2024 08:48:04,"C",25.34,37.327,31.825,24,12.667,0.66729,6.3295,72.75,0.7198,1.114,8.0789
"BWQM","WN249","N07",17-OCT-2024 08:48:04,"D",37.04,35.35,32.07,24.643,10.142,0.79595,6.2598,68.26,-0.1295,0.49432,8.0068
"BWQM","WN249","N07",17-OCT-2024 08:48:04,"E",47.76,34.756,32.16,24.84,9.3584,1.5472,6.1544,66.03,-0.1755,0.45769,7.9871
"BWQM","WN249","N18",17-OCT-2024 09:16:47,"A",1.98,38.564,31.71,23.606,14.2,1.014,7.8235,92.7,5.0158,2.7256,8.2774
"BWQM","WN249","N18",17-OCT-2024 09:16:47,"B",7.72,38.55,31.709,23.608,14.185,1.0169,7.7933,92.34,6.0277,3.6643,8.2733
"BWQM","WN249","N18",17-OCT-2024 09:16:47,"C",13.55,38.527,31.707,23.612,14.158,1.0076,7.7558,91.89,5.5981,3.7254,8.2686
"BWQM","WN249","N18",17-OCT-2024 09:16:47,"D",20.51,38.449,31.702,23.626,14.073,0.94059,7.6971,90.98,5.3166,3.5987,8.2592
"BWQM","WN249","N18",17-OCT-2024 09:16:47,"E",27.41,38.203,31.718,23.699,13.777,0.80617,7.3538,86.41,2.9944,2.4647,8.2241
"BWQM","WN249","N21",17-OCT-2024 09:42:10,"A",1.96,38.53,31.702,23.605,14.173,1.0992,7.7066,91.31,5.3404,2.7791,8.2611
"BWQM","WN249","N21",17-OCT-2024 09:42:10,"B",8.7,38.521,31.701,23.607,14.161,0.98382,7.7001,91.23,5.0486,3.1775,8.2588
"BWQM","WN249","N21",17-OCT-2024 09:42:10,"C",15.7,38.511,31.701,23.61,14.146,0.97261,7.6877,90.98,5.357,3.617,8.2528
"BWQM","WN249","N21",17-OCT-2024 09:42:10,"D",25.44,36.425,31.612,23.979,11.899,0.99666,6.44,72.77,1.2542,1.4635,8.0034
"BWQM","WN249","N21",17-OCT-2024 09:42:10,"E",34.32,35.965,31.984,24.439,10.941,0.90894,6.0468,67.11,0.1202,0.68663,8.0176
"BWQM","WN249","F22",17-OCT-2024 10:29:09,"A",2,38.002,31.978,24.004,13.252,0.98364,8.0731,93.98,5.389,2.7995,8.2623
"BWQM","WN249","F22",17-OCT-2024 10:29:09,"B",20.28,38.01,32.14,24.168,13.059,0.75383,7.9179,91.96,2.3555,2.1167,8.2428
"BWQM","WN249","F22",17-OCT-2024 10:29:09,"C",40.03,37.768,32.291,24.373,12.605,0.59221,7.8104,89.88,0.5554,1.001,8.2139
"BWQM","WN249","F22",17-OCT-2024 10:29:09,"D",59.72,35.106,32.176,24.793,9.7334,0.63088,6.6844,72.34,-0.0809,0.53248,8.0423
"BWQM","WN249","F22",17-OCT-2024 10:29:09,"E",78.82,34.549,32.204,24.922,9.0571,1.3197,6.4509,68.77,-0.1755,0.45769,8.0125
"BWQM","WN249","N04",17-OCT-2024 11:02:29,"A",2.05,38.375,31.742,23.681,13.951,1.074,7.8967,93.12,5.4501,2.8493,8.2688
"BWQM","WN249","N04",17-OCT-2024 11:02:29,"B",13.61,38.317,31.741,23.695,13.883,0.9788,7.7511,91.3,5.8248,3.8261,8.2502
"BWQM","WN249","N04",17-OCT-2024 11:02:29,"C",25.16,36.899,31.85,24.116,12.156,0.72709,5.8218,66.23,0.279,0.80415,8.0086
"BWQM","WN249","N04",17-OCT-2024 11:02:29,"D",37.09,35.245,32.091,24.682,9.9989,0.80803,6.2362,67.86,-0.0887,0.52637,7.9981
"BWQM","WN249","N04",17-OCT-2024 11:02:29,"E",48.26,34.939,32.131,24.779,9.5991,1.0053,6.2676,67.61,-0.1506,0.47753,7.999
"BWQM","WN249","N01",17-OCT-2024 11:34:54,"A",2.16,38.141,31.611,23.602,13.848,1.1317,7.8237,92.04,5.2976,2.7545,8.2226
"BWQM","WN249","N01",17-OCT-2024 11:34:54,"B",8.82,38.19,31.646,23.627,13.858,1.143,7.8207,92.01,8.2596,4.6152,8.238
"BWQM","WN249","N01",17-OCT-2024 11:34:54,"C",15.79,38.183,31.658,23.641,13.831,1.0314,7.6839,90.4,6.3752,4.0658,8.2267
"BWQM","WN249","N01",17-OCT-2024 11:34:54,"D",22.66,36.466,31.897,24.252,11.613,1.0425,5.754,64.72,0.879,1.2208,7.9915
"BWQM","WN249","N01",17-OCT-2024 11:34:54,"E",30.2,35.694,32.019,24.526,10.595,1.384,5.3654,59.09,0.0136,0.60574,7.9399
"BWQM","WN249","F23",17-OCT-2024 12:08:35,"A",2,37.565,31.507,23.625,13.327,3.0244,7.5818,88.16,2.0378,1.639,8.1275
"BWQM","WN249","F23",17-OCT-2024 12:08:35,"B",8.78,37.464,31.528,23.67,13.184,2.5949,7.5322,87.38,1.9339,1.8756,8.1292
"BWQM","WN249","F23",17-OCT-2024 12:08:35,"C",15.3,37.491,31.526,23.662,13.214,2.6686,7.5361,87.43,1.7552,1.7703,8.1314
"BWQM","WN249","F23",17-OCT-2024 12:08:35,"D",22.43,37.499,31.528,23.663,13.218,2.6163,7.5561,87.66,1.9626,1.8924,8.1319
"BWQM","WN249","F23",17-OCT-2024 12:08:35,"E",27.52,37.499,31.528,23.664,13.215,2.9048,7.5495,87.58,2.0442,1.9397,8.1324
"BWQM","WN249","F13",17-OCT-2024 12:55:38,"A",2.27,38.643,31.62,23.495,14.399,1.2392,8.0256,95.43,5.7364,3.0646,8.258
"BWQM","WN249","F13",17-OCT-2024 12:55:38,"B",6.93,38.584,31.622,23.512,14.328,1.0976,7.7975,92.61,4.4411,2.9623,8.2441
"BWQM","WN249","F13",17-OCT-2024 12:55:38,"C",12.78,38.595,31.647,23.535,14.307,0.89694,7.7008,91.46,3.6051,2.7806,8.2465
"BWQM","WN249","F13",17-OCT-2024 12:55:38,"D",18.63,38.639,31.671,23.55,14.325,0.90019,7.7778,92.37,3.7201,2.8386,8.2616
"BWQM","WN249","F13",17-OCT-2024 12:55:38,"E",24.67,38.669,31.686,23.56,14.337,0.8539,7.7038,91.6,2.8885,2.4082,8.2636
