"STUDY_ID","EVENT_ID","STAT_ID","STAT_ARRIV","DEPTH","ORDERED_DEPTH_CODE","NH4","NO2","NO3","NO3_NO2","TDN","TN","PON","PO4","TDP","PARTP","TPHOS","SIO4","POC","CHLA","PHAE"
"BWQM","WN241","F23",08-FEB-2024 08:04:11,1.76,"A",1.85,0.146,9.654,,20.1,,1.94,0.976,1.4,0.158,,12,15.7,0.677,0.369
"BWQM","WN241","F23",08-FEB-2024 08:04:11,8.11,"B",1.88,0.144,9.786,,19.3,,1.94,0.979,0.858,0.159,,12,14.6,,
"BWQM","WN241","F23",08-FEB-2024 08:04:11,13.73,"C",1.71,0.142,9.693,,20.5,,2.12,0.952,1.155,0.1445,,11.8,18.15,0.612,0.443
"BWQM","WN241","F23",08-FEB-2024 08:04:11,21.49,"D",1.76,0.135,9.425,,19.2,,2.69,1,1.21,0.203,,11.6,23.5,,
"BWQM","WN241","F23",08-FEB-2024 08:04:11,27.23,"E",1.65,0.121,9.479,,20.1,,2.22,0.933,1.06,0.25,,11.5,19,0.667,0.565
"BWQM","WN241","N01",08-FEB-2024 08:49:54,2.01,"A",1.02,0.0999,8.6401,,16.3,,1.83,1.04,0.839,0.117,,12.3,14.2,0.807,0.368
"BWQM","WN241","N01",08-FEB-2024 08:49:54,7.87,"B",1.01,0.0981,8.7119,,16.3,,1.97,0.968,0.841,0.0984,,12.1,15,0.573,0.881
"BWQM","WN241","N01",08-FEB-2024 08:49:54,14.83,"C",0.643,0.0927,8.3573,,16,,1.665,0.936,0.836,0.08995,,11.2,11.75,0.543,0.652
"BWQM","WN241","N01",08-FEB-2024 08:49:54,22.65,"D",1.04,0.102,8.598,,16.3,,1.4,0.945,0.86,0.0901,,9.92,11,,
"BWQM","WN241","N01",08-FEB-2024 08:49:54,30.41,"E",0.976,0.106,8.094,,17.9,,1.49,0.881,0.811,0.1,,9.5,11.6,,
"BWQM","WN241","N04",08-FEB-2024 09:30:33,1.82,"A",2.68,0.128,7.802,,17,,1.81,0.957,1.04,0.0845,,8.22,13.3,0.816,1.12
"BWQM","WN241","N04",08-FEB-2024 09:30:33,12.57,"B",0.612,0.1,7.69,,14.8,,1.72,0.871,0.645,0.088,,7.76,11.4,,
"BWQM","WN241","N04",08-FEB-2024 09:30:33,24.18,"C",0.6905,0.0954,7.5896,,14.95,,1.49,0.849,0.6425,0.12115,,7.6,9.955,1.18,0.7855
"BWQM","WN241","N04",08-FEB-2024 09:30:33,35.48,"D",0.786,0.106,7.604,,20.6,,1.63,0.916,0.697,0.038,,7.33,13,,
"BWQM","WN241","N04",08-FEB-2024 09:30:33,48.3,"E",0.818,0.121,7.669,,15.6,,1.09,0.916,0.7,0.0595,,7.2,8.01,0.527,0.197
"BWQM","WN241","F22",08-FEB-2024 10:09:35,1.89,"A",0.692,0.0752,8.1348,,15.6,,1.29,0.997,0.82,0.0622,,9.69,10.3,0.507,0.182
"BWQM","WN241","F22",08-FEB-2024 10:09:35,17.76,"B",0.496,0.0633,8.6667,,15.8,,1.08,0.966,0.856,0.0568,,9.46,6.79,,
"BWQM","WN241","F22",08-FEB-2024 10:09:35,38.78,"C",0.7585,0.05275,8.20725,,14.75,,0.8105,1.015,0.9455,0.0583,,9.005,5.87,0.297,0.2975
"BWQM","WN241","F22",08-FEB-2024 10:09:35,59.55,"D",0.899,0.0519,8.6181,,15.5,,0.776,1.1,0.96,0.0596,,9.49,5.83,,
"BWQM","WN241","F22",08-FEB-2024 10:09:35,79.1,"E",0.52,0.119,8.921,,15.6,,1.03,1.09,1.02,0.0789,,11.1,8.59,0.351,0.197
"PCCS","WN241_PCCS","F02",08-FEB-2024 10:20:00,1.5,"A",0.2606,,,3.74,,15.1,,0.485,,,0.957,1.609,,4.92,0.55
"PCCS","WN241_PCCS","F02",08-FEB-2024 10:20:00,31,"E",0.4031,,,3.793,,17.8,,0.632,,,0.965,1.067,,4.48,0.54
"BWQM","WN241","N21",08-FEB-2024 11:17:01,1.58,"A",15.3,0.22,7.86,,33.5,,2.35,1.33,1.19,0.128,,9.17,15.1,0.933,0.511
"BWQM","WN241","N21",08-FEB-2024 11:17:01,10.86,"B",13.5,0.202,7.868,,30.4,,2.14,1.31,1.16,0.121,,9.14,14.6,1.05,0.416
"BWQM","WN241","N21",08-FEB-2024 11:17:01,18.62,"C",8.65,0.172,8.078,,23.2,,2,1.14,0.872,0.1109,,8.73,13.3,0.9985,0.6355
"BWQM","WN241","N21",08-FEB-2024 11:17:01,26.68,"D",1.88,0.121,8.019,,18.7,,1.35,0.977,0.841,0.0786,,8.13,9.17,,
"BWQM","WN241","N21",08-FEB-2024 11:17:01,33.71,"E",1.42,0.112,7.918,,18.2,,1.33,0.923,0.813,0.0796,,7.92,9.91,,
"PCCS","WN241_PCCS","F01",08-FEB-2024 11:40:00,1.5,"A",1.0903,,,8.479,,19.7,,0.8,,,1.08,8.444,,1.55,0.48
"PCCS","WN241_PCCS","F01",08-FEB-2024 11:40:00,24,"E",1.8855,,,7.97,,19.1,,0.899,,,1.22,6.779,,1.17,0.39
"BWQM","WN241","N18",08-FEB-2024 11:45:45,1.58,"A",7.47,0.164,8.156,,23.4,,2.11,1.1,0.876,0.121,,9.73,14.5,1.08,0.58
"BWQM","WN241","N18",08-FEB-2024 11:45:45,6.04,"B",7.09,0.163,8.127,,25.6,,1.81,1.09,0.894,0.0916,,9.76,12.5,,
"BWQM","WN241","N18",08-FEB-2024 11:45:45,11.29,"C",4.81,0.142,8.073,,23.15,,1.51,1.035,0.915,0.0806,,9.3,10.26,0.5785,0.524
"BWQM","WN241","N18",08-FEB-2024 11:45:45,16.54,"D",5.33,0.149,8.151,,21.1,,1.51,1.02,0.871,0.0778,,9,10.4,,
"BWQM","WN241","N18",08-FEB-2024 11:45:45,22.53,"E",5.21,0.146,8.194,,21.5,,1.37,0.99,1.03,0.0928,,9.01,9.97,0.757,0.326
"BWQM","WN241","N07",08-FEB-2024 12:38:41,1.52,"A",1.36,0.109,7.631,,17.3,,1.63,0.953,0.663,0.0857,,7.93,11.9,1.02,0.424
"BWQM","WN241","N07",08-FEB-2024 12:38:41,12.21,"B",0.772,0.094,7.476,,16.3,,1.67,0.852,0.693,0.109,,7.46,10.8,0.851,0.641
"BWQM","WN241","N07",08-FEB-2024 12:38:41,23.2,"C",0.64,0.0955,7.4845,,16.7,,1.85,0.901,0.708,0.1015,,7.4,11.9,0.9775,0.611
"BWQM","WN241","N07",08-FEB-2024 12:38:41,35.35,"D",0.507,0.0935,7.4865,,16.5,,1.49,0.85,0.72,0.0679,,7.33,9.86,,
"BWQM","WN241","N07",08-FEB-2024 12:38:41,47.08,"E",0.696,0.0956,7.5944,,15.9,,1.12,0.885,0.729,0.0467,,7.26,7.72,,
"BWQM","WN241","F15",08-FEB-2024 13:09:47,1.64,"A",3.3,0.129,8.051,,18.5,,1.52,1,0.829,0.0768,,9.76,11.6,0.569,0.857
"BWQM","WN241","F15",08-FEB-2024 13:09:47,10.07,"B",3.01,0.124,7.886,,,,1.99,1.08,0.751,0.0956,,8.33,13.1,0.575,0.856
"BWQM","WN241","F15",08-FEB-2024 13:09:47,18.92,"C",0.947,0.0955,7.6345,,14.8,,1.465,0.894,0.748,0.1015,,7.64,10.09,0.667,1.1055
"BWQM","WN241","F15",08-FEB-2024 13:09:47,27.54,"D",1.01,0.0896,7.7204,,14.8,,1.48,0.876,0.76,0.0659,,7.23,9.75,,
"BWQM","WN241","F15",08-FEB-2024 13:09:47,35.9,"E",1.03,0.0906,7.5494,,14.7,,1.2,0.969,0.832,0.0553,,7.2,8.49,,
"PCCS","WN241_PCCS","F29",08-FEB-2024 13:36:00,1.5,"A",0.3095,,,6.265,,18.5,,0.758,,,0.986,3.41,,1.38,0.31
"PCCS","WN241_PCCS","F29",08-FEB-2024 13:36:00,60.5,"E",0.5135,,,6.965,,22.5,,0.85,,,1.61,3.896,,1.36,1.12
"BWQM","WN241","F10",08-FEB-2024 13:51:59,1.82,"A",1.71,0.11,8.47,,,,1.71,0.936,0.677,0.0854,,9.83,13.4,0.825,0.246
"BWQM","WN241","F10",08-FEB-2024 13:51:59,8.3,"B",1.17,0.101,7.729,,15.5,,1.55,0.953,0.707,0.102,,8.4,11.6,0.738,0.768
"BWQM","WN241","F10",08-FEB-2024 13:51:59,15.63,"C",0.816,0.0938,7.4062,,19.8,,1.345,0.877,0.733,0.0827,,7.49,9.31,0.9365,0.623
"BWQM","WN241","F10",08-FEB-2024 13:51:59,22.83,"D",1.12,0.0905,7.6895,,14.9,,1.24,0.856,0.75,0.0733,,7.64,8.45,,
"BWQM","WN241","F10",08-FEB-2024 13:51:59,30.04,"E",0.92,0.0915,8.4485,,14.8,,0.963,0.93,0.753,0.0642,,7.85,6.8,,
"BWQM","WN241","F06",08-FEB-2024 14:29:05,1.82,"A",2.11,0.126,8.374,,17,,1.85,0.948,0.844,0.0955,,9.31,12.6,0.872,0.319
"BWQM","WN241","F06",08-FEB-2024 14:29:05,8.05,"B",2,0.123,8.307,,17.1,,1.15,0.929,0.832,0.0768,,8.89,8.54,0.664,0.288
"BWQM","WN241","F06",08-FEB-2024 14:29:05,15.63,"C",1.23,0.112,8.018,,16.1,,1.265,0.998,0.783,0.0713,,8.56,9.095,1.052,0.3545
"BWQM","WN241","F06",08-FEB-2024 14:29:05,22.47,"D",1.43,0.105,7.895,,16.7,,1.15,0.94,0.723,0.035,,8.04,8.3,,
"BWQM","WN241","F06",08-FEB-2024 14:29:05,29.31,"E",1.66,0.0947,7.6953,,,,0.963,0.987,0.671,0.0595,,7.15,7.36,,
"BWQM","WN241","F13",08-FEB-2024 15:19:03,1.95,"A",1.19,0.111,8.449,,17.2,,1.83,0.932,0.748,0.0973,,11.1,14.1,1.16,0.345
"BWQM","WN241","F13",08-FEB-2024 15:19:03,6.47,"B",1.33,0.111,8.399,,16.8,,1.45,0.925,0.78,0.109,,10.9,14.5,0.53,0.331
"BWQM","WN241","F13",08-FEB-2024 15:19:03,12.27,"C",1.66,0.132,8.468,,,,1.5,0.904,0.705,0.1055,,10.9,11.4,0.4765,0.462
"BWQM","WN241","F13",08-FEB-2024 15:19:03,17.21,"D",2.38,0.115,8.455,,17.3,,1.66,0.916,0.829,0.148,,10.6,13.6,,
"BWQM","WN241","F13",08-FEB-2024 15:19:03,21.98,"E",1.8,0.119,8.381,,17,,1.59,0.949,0.796,0.172,,10.6,13.2,,
"BWQM","WN242","F23",20-MAR-2024 06:55:01,1.51,"A",0.926,0.198,4.662,,14.1,,4.07,0.635,0.326,0.156,,2.91,22.8,1.63,0.46
"BWQM","WN242","F23",20-MAR-2024 06:55:01,5.41,"B",0.977,0.201,4.679,,12.9,,3.91,0.671,0.311,0.262,,2.81,22.4,,
"BWQM","WN242","F23",20-MAR-2024 06:55:01,9.2,"C",1.045,0.2035,4.7865,,13.45,,3.985,0.5825,0.51,0.2955,,2.755,22.1,1.945,0.631
"BWQM","WN242","F23",20-MAR-2024 06:55:01,15.13,"D",1.05,0.195,4.575,,12.9,,3.84,0.623,0.309,0.244,,2.7,21.4,,
"BWQM","WN242","F23",20-MAR-2024 06:55:01,20.32,"E",1.17,0.196,4.604,,12.4,,3.58,0.653,0.371,0.225,,2.76,23.5,1.4,0.572
"PCCS","WN242_PCCS","F29",20-MAR-2024 06:56:00,1.5,"A",0.4937,,,6.436,,15.8,,0.732,,,0.894,3.945,,1.43,0.44
"PCCS","WN242_PCCS","F29",20-MAR-2024 06:56:00,63,"E",1.981,,,6.255,,16.2,,0.763,,,0.886,4.1,,1.19,0.57
"BWQM","WN242","N01",20-MAR-2024 07:36:38,1.45,"A",3.02,0.241,4.389,,17.1,,5.26,0.566,0.284,0.263,,2.09,26.6,2.24,1.45
"BWQM","WN242","N01",20-MAR-2024 07:36:38,8.96,"B",2.61,0.223,4.127,,14,,,0.666,0.244,0.3035,,2.01,24.1,1.646,1.157
"BWQM","WN242","N01",20-MAR-2024 07:36:38,16.16,"C",2.17,0.225,6.235,,15,,2.46,0.836,0.476,0.135,,4.33,12.1,2.09,0.802
"BWQM","WN242","N01",20-MAR-2024 07:36:38,23.49,"D",1.46,0.195,7.005,,15.2,,,1.01,0.571,0.0886,,6.04,9.38,,
"BWQM","WN242","N01",20-MAR-2024 07:36:38,30.52,"E",1.26,0.169,7.411,,15.4,,,1,0.626,0.0926,,8.08,8.52,,
"BWQM","WN242","N04",20-MAR-2024 08:20:18,1.75,"A",1.27,0.156,3.034,,11.1,,,0.462,0.207,0.233,,1.56,24.8,2.52,0.866
"BWQM","WN242","N04",20-MAR-2024 08:20:18,10.73,"B",1.28,0.1665,2.9685,,10.95,,,0.5565,0.204,0.2665,,1.52,27.7,1.615,2.15
"BWQM","WN242","N04",20-MAR-2024 08:20:18,24.9,"C",1.11,0.17,3.08,,10.6,,,0.532,0.264,0.23,,1.72,20.6,,
"BWQM","WN242","N04",20-MAR-2024 08:20:18,37.17,"D",0.857,0.225,9.335,,14.5,,,0.883,0.567,0.109,,4.85,11.8,,
"BWQM","WN242","N04",20-MAR-2024 08:20:18,49.21,"E",0.968,0.148,6.742,,13.2,,,0.969,0.882,0.0945,,7.31,9.14,0.437,0.64
"PCCS","WN242_PCCS","F02",20-MAR-2024 08:24:00,1.5,"A",0.1853,,,0.109,,12.2,,0.194,,,0.586,0.185,,6,0.47
"PCCS","WN242_PCCS","F02",20-MAR-2024 08:24:00,31,"E",1.0888,,,1.177,,14.9,,0.407,,,0.797,1.311,,8.05,0.57
"BWQM","WN242","F22",20-MAR-2024 09:04:51,1.81,"A",0.869,0.139,3.871,,10.6,,2.36,0.652,0.328,0.23,,3.74,13.5,1.86,0.787
"BWQM","WN242","F22",20-MAR-2024 09:04:51,18.3,"B",1.135,0.1665,4.7535,,12.1,,3.11,0.7305,0.417,0.1515,,3.2,19.2,3.21,1.285
"BWQM","WN242","F22",20-MAR-2024 09:04:51,38.34,"C",1.01,0.151,6.489,,13.2,,1.26,0.828,0.54,0.0932,,5.29,8.13,,
"BWQM","WN242","F22",20-MAR-2024 09:04:51,58.62,"D",0.983,0.142,6.228,,12.7,,1.19,0.849,0.549,0.118,,6,8.33,,
"BWQM","WN242","F22",20-MAR-2024 09:04:51,77.43,"E",0.985,0.153,7.007,,14.3,,1.38,0.98,0.574,0.132,,7.74,10.9,0.826,0.72
"PCCS","WN242_PCCS","F01",20-MAR-2024 09:35:00,1.5,"A",0.3092,,,4.79,,18.4,,0.597,,,0.886,3.069,,2.14,0.57
"PCCS","WN242_PCCS","F01",20-MAR-2024 09:35:00,25,"E",1.3719,,,5.024,,15.5,,0.681,,,0.853,3.8,,0.88,0.56
"BWQM","WN242","N21",20-MAR-2024 10:05:21,1.63,"A",11.4,0.292,5.278,,23.1,,1.8,1.02,0.91,0.149,,4.14,15.1,0.347,0.396
"BWQM","WN242","N21",20-MAR-2024 10:05:21,9.87,"B",8.73,0.264,5.096,,19.9,,1.85,0.894,0.777,0.124,,3.77,14.4,0.364,0.433
"BWQM","WN242","N21",20-MAR-2024 10:05:21,18.55,"C",6.52,0.248,5.022,,18.2,,1.65,0.718,0.733,0.132,,3.6,14.7,0.8975,0.5685
"BWQM","WN242","N21",20-MAR-2024 10:05:21,25.69,"D",2.75,0.207,5.163,,14.9,,1.24,0.706,0.74,0.115,,3.39,11.4,,
"BWQM","WN242","N21",20-MAR-2024 10:05:21,33.2,"E",1.39,0.195,6.185,,14.1,,1.05,0.719,0.795,0.0957,,5,12.1,,
"BWQM","WN242","N18",20-MAR-2024 10:34:11,1.45,"A",1.32,0.176,4.344,,11.9,,,0.745,0.626,0.0981,,2.46,15.6,0.597,0.321
"BWQM","WN242","N18",20-MAR-2024 10:34:11,7.55,"B",1.25,0.17,4.19,,12,,,0.724,0.566,0.114,,2.41,12.8,,
"BWQM","WN242","N18",20-MAR-2024 10:34:11,12.74,"C",1.325,0.1735,4.3165,,13.5,,,0.6805,0.7305,0.165,,2.54,13.85,0.58,0.615
"BWQM","WN242","N18",20-MAR-2024 10:34:11,17.63,"D",1.58,0.174,4.466,,11.8,,1.82,0.712,0.552,0.123,,2.59,13.5,,
"BWQM","WN242","N18",20-MAR-2024 10:34:11,22.15,"E",1.07,0.17,4.47,,11.9,,1.47,0.718,0.617,0.119,,2.63,11.5,0.55,0.786
"BWQM","WN242","N07",20-MAR-2024 11:09:19,1.63,"A",5.17,0.132,2.638,,10.1,,,0.536,0.511,0.143,,1.66,15.1,0.395,0.239
"BWQM","WN242","N07",20-MAR-2024 11:09:19,13.05,"B",1.21,0.131,2.519,,9.8,,,0.607,0.49,0.149,,1.54,21.7,0.883,0.804
"BWQM","WN242","N07",20-MAR-2024 11:09:19,26.3,"C",1.28,0.205,6.505,,13.4,,,0.932,0.812,0.107,,4.64,10.45,0.5325,0.523
"BWQM","WN242","N07",20-MAR-2024 11:09:19,38.46,"D",1.81,0.161,6.139,,12.3,,,0.856,0.778,0.109,,5.52,10,,
"BWQM","WN242","N07",20-MAR-2024 11:09:19,49.03,"E",1.2,0.16,7.33,,14.2,,,1.01,0.872,0.115,,9.01,10.3,,
"BWQM","WN242","F15",20-MAR-2024 11:52:54,1.99,"A",1.74,0.19,4.48,,12.1,,3.32,0.661,0.313,0.194,,2.24,18.2,1.56,0.784
"BWQM","WN242","F15",20-MAR-2024 11:52:54,7.19,"B",1.21,0.185,4.445,,12.2,,3.79,0.647,0.372,0.136,,2.24,20.6,1.54,0.809
"BWQM","WN242","F15",20-MAR-2024 11:52:54,17.69,"C",1.32,0.205,5.365,,13,,2.76,0.722,0.453,0.1189,,2.7,15.8,1.31,0.8765
"BWQM","WN242","F15",20-MAR-2024 11:52:54,27.28,"D",1.23,0.182,7.878,,14.9,,1.4,0.973,0.638,0.112,,7.3,9.5,,
"BWQM","WN242","F15",20-MAR-2024 11:52:54,35.59,"E",0.99,0.169,7.941,,15.1,,1.47,1.01,0.671,0.121,,8.65,10.4,,
"BWQM","WN242","F10",20-MAR-2024 12:38:32,1.81,"A",1.2,0.207,4.183,,12.5,,4.12,0.599,0.34,0.221,,1.93,24.7,2.55,1.04
"BWQM","WN242","F10",20-MAR-2024 12:38:32,8.35,"B",1.18,0.203,4.447,,17,,3.84,0.601,0.383,0.205,,2.02,23.1,2.6,1.02
"BWQM","WN242","F10",20-MAR-2024 12:38:32,15.8,"C",1.55,0.209,5.641,,14,,2.735,0.819,0.382,0.1675,,2.72,15.45,2.095,1.165
"BWQM","WN242","F10",20-MAR-2024 12:38:32,20.93,"D",1.47,0.205,6.055,,13.9,,1.57,0.791,0.521,0.113,,3.67,9.55,,
"BWQM","WN242","F10",20-MAR-2024 12:38:32,28.44,"E",1.45,0.183,7.507,,15.6,,1.08,0.955,0.754,0.0956,,6.72,7.45,,
"BWQM","WN242","F06",20-MAR-2024 13:25:40,1.75,"A",0.902,0.204,3.376,,10.4,,5.19,0.5,0.261,0.294,,1.29,32.6,4.25,1.32
"BWQM","WN242","F06",20-MAR-2024 13:25:40,9.81,"B",0.908,0.201,3.569,,10.6,,4.65,0.532,0.265,0.265,,1.39,28.3,4.22,1.33
"BWQM","WN242","F06",20-MAR-2024 13:25:40,19.4,"C",1.4,0.196,4.584,,11.5,,2.88,0.641,0.361,0.185,,2.14,17.5,2.155,1.0645
"BWQM","WN242","F06",20-MAR-2024 13:25:40,26.67,"D",1.61,0.192,5.528,,13.4,,1.52,0.801,0.449,0.113,,3.29,10.1,,
"BWQM","WN242","F06",20-MAR-2024 13:25:40,34.49,"E",1.51,0.179,6.841,,14.8,,0.374,0.913,0.687,0.082,,5.62,3.95,,
"BWQM","WN242","F13",20-MAR-2024 14:25:18,1.26,"A",1.06,0.186,2.684,,10.7,,5.24,0.489,0.255,0.264,,1.47,33.5,4.45,1.24
"BWQM","WN242","F13",20-MAR-2024 14:25:18,5.96,"B",0.951,0.188,2.902,,10.6,,4.14,0.516,0.196,0.266,,1.49,26.7,4.34,1.01
"BWQM","WN242","F13",20-MAR-2024 14:25:18,11.4,"C",1.55,0.212,4.028,,11.4,,4.83,0.589,0.263,0.3635,,1.74,28.4,4.46,1.46
"BWQM","WN242","F13",20-MAR-2024 14:25:18,17.32,"D",2.05,0.223,4.907,,13.1,,2.69,0.626,0.336,0.175,,2.18,16,,
"BWQM","WN242","F13",20-MAR-2024 14:25:18,22.27,"E",2.25,0.217,6.083,,13.7,,1.85,0.785,0.485,0.106,,3.71,12.1,,
"BWQM","WN243","F23",09-APR-2024 06:44:03,1.89,"A",2.83,0.197,6.823,,20.3,,4.59,0.636,0.712,0.548,,8.37,40.3,1.7,2.63
"BWQM","WN243","F23",09-APR-2024 06:44:03,6.59,"B",2.77,0.182,7.148,,17.4,,4.82,0.65,0.65,0.629,,7.66,41.8,,
"BWQM","WN243","F23",09-APR-2024 06:44:03,11.66,"C",2.985,0.2005,6.0745,,18.95,,4.88,0.6665,0.703,0.6145,,7.605,42.4,2.665,2.2
"BWQM","WN243","F23",09-APR-2024 06:44:03,16.3,"D",2.88,0.193,5.797,,15.6,,5.22,0.666,0.71,0.659,,6.94,46.9,,
"BWQM","WN243","F23",09-APR-2024 06:44:03,21.74,"E",2.77,0.19,5.71,,16.3,,6.28,0.665,0.664,0.867,,6.74,58.8,2.39,1.69
"BWQM","WN243","N01",09-APR-2024 07:22:39,2.07,"A",2.55,0.191,5.239,,14.2,,2.85,0.743,0.694,0.321,,5.82,25,2.3,1.04
"BWQM","WN243","N01",09-APR-2024 07:22:39,10.68,"B",2.82,0.197,5.183,,13.9,,1.93,0.737,0.779,0.23,,5.98,17.1,1.15,0.556
"BWQM","WN243","N01",09-APR-2024 07:22:39,16.43,"C",1.23,0.166,4.844,,10.6,,1.945,0.755,0.778,0.202,,6.46,16.25,1.285,0.5825
"BWQM","WN243","N01",09-APR-2024 07:22:39,22.47,"D",0.975,0.144,4.946,,10.4,,1.96,0.77,0.76,0.195,,6.3,15.8,,
"BWQM","WN243","N01",09-APR-2024 07:22:39,28.52,"E",1.61,0.144,5.606,,13.1,,2.96,0.806,0.878,0.393,,6.52,27,,
"BWQM","WN243","N04",09-APR-2024 08:06:33,1.4,"A",1.33,0.177,5.153,,13.5,,4.82,0.745,0.748,0.147,,6.06,28.1,1.17,0.371
"BWQM","WN243","N04",09-APR-2024 08:06:33,12.7,"B",1.09,0.1585,5.0265,,11.85,,2.305,0.752,0.7575,0.1335,,5.96,15.6,1.34,0.529
"BWQM","WN243","N04",09-APR-2024 08:06:33,24.67,"C",1.89,0.164,5.266,,11.3,,1.3,0.83,0.769,0.135,,5.75,10.4,,
"BWQM","WN243","N04",09-APR-2024 08:06:33,35.91,"D",1.41,0.166,5.114,,12.2,,1.65,0.805,0.852,0.0952,,4.92,10.7,,
"BWQM","WN243","N04",09-APR-2024 08:06:33,46.11,"E",1.39,0.166,5.254,,11.8,,1.25,0.881,0.814,0.11,,5.29,10.8,0.474,0.499
"BWQM","WN243","F22",09-APR-2024 08:49:28,1.4,"A",1.25,0.143,5.247,,11.1,,2,0.682,0.727,0.175,,7.09,15.7,0.6,1.07
"BWQM","WN243","F22",09-APR-2024 08:49:28,18.07,"B",1.18,0.138,5.252,,10.5,,1.54,0.727,0.764,0.156,,6.32,13.3,,
"BWQM","WN243","F22",09-APR-2024 08:49:28,37.56,"C",1.135,0.1435,5.4515,,12.15,,1.395,0.8015,0.736,0.1405,,5.945,12.75,0.402,0.422
"BWQM","WN243","F22",09-APR-2024 08:49:28,57.35,"D",1.25,0.144,5.216,,12,,1.37,0.734,0.748,0.122,,5.63,14.1,,
"BWQM","WN243","F22",09-APR-2024 08:49:28,77.15,"E",1.33,0.128,5.572,,11.7,,0.972,0.776,0.849,0.132,,5.59,15.7,0.453,0.258
"PCCS","WN243_PCCS","F29",09-APR-2024 09:15:00,1.5,"A",1.4606,,,5.694,,14,,0.7,,,0.855,4.994,,0.6,0.19
"PCCS","WN243_PCCS","F29",09-APR-2024 09:15:00,60.5,"E",1.3437,,,5.902,,14.4,,0.765,,,0.982,5.172,,0.48,0.42
"BWQM","WN243","N21",09-APR-2024 09:41:45,1.89,"A",5.29,0.265,5.195,,17.6,,2.26,0.812,0.769,0.191,,6.43,17.2,1.36,0.592
"BWQM","WN243","N21",09-APR-2024 09:41:45,9.16,"B",9.82,0.35,5.28,,21.2,,2.14,0.893,0.876,0.186,,6.62,16.5,0.829,0.503
"BWQM","WN243","N21",09-APR-2024 09:41:45,17.1,"C",10.1,0.357,5.343,,22.2,,2.215,0.874,0.893,0.2065,,6.62,17.6,0.6555,0.484
"BWQM","WN243","N21",09-APR-2024 09:41:45,25.16,"D",1.68,0.178,5.112,,10.6,,1.23,0.805,0.438,0.11,,5.5,9.61,,
"BWQM","WN243","N21",09-APR-2024 09:41:45,33.89,"E",1.56,0.172,5.278,,13.6,,1.51,0.842,0.803,0.159,,5.57,13.5,,
"BWQM","WN243","N18",09-APR-2024 10:03:29,1.52,"A",1.61,0.198,4.902,,13.1,,2.85,0.733,0.667,0.221,,6.41,21.1,1.88,0.587
"BWQM","WN243","N18",09-APR-2024 10:03:29,10.56,"B",4.185,0.288,5.177,,15.5,,2.06,0.7805,0.9185,0.183,,6.715,15.65,0.9375,0.5425
"BWQM","WN243","N18",09-APR-2024 10:03:29,16,"C",3.09,0.233,5.297,,13.3,,1.96,0.845,0.76,0.167,,6.45,15.6,,
"BWQM","WN243","N18",09-APR-2024 10:03:29,21.49,"D",2.48,0.2,5.31,,13.1,,1.65,0.832,0.802,0.163,,6.37,14.6,,
"BWQM","WN243","N18",09-APR-2024 10:03:29,25.71,"E",2.47,0.199,5.341,,14.5,,1.63,0.862,0.761,0.164,,6.41,14.7,1.17,0.519
"BWQM","WN243","N07",09-APR-2024 10:36:52,1.77,"A",1.07,0.164,4.696,,11.3,,8.66,0.724,0.752,0.127,,6.92,56,1.36,0.558
"BWQM","WN243","N07",09-APR-2024 10:36:52,13.01,"B",1.64,0.157,5.013,,11.9,,1.665,0.79,0.958,0.1435,,4.92,16.05,1.119,0.452
"BWQM","WN243","N07",09-APR-2024 10:36:52,25.04,"C",1.35,0.176,5.224,,10.7,,1.09,0.807,0.771,0.104,,5.17,7.83,0.491,0.373
"BWQM","WN243","N07",09-APR-2024 10:36:52,35.36,"D",1.44,0.164,5.246,,11.3,,1.04,0.858,0.834,0.121,,5.36,8.7,,
"BWQM","WN243","N07",09-APR-2024 10:36:52,46.54,"E",1.52,0.162,5.418,,11.8,,1.35,0.866,0.856,0.222,,6.09,12,,
"BWQM","WN243","F15",09-APR-2024 11:02:48,1.58,"A",1.55,0.166,5.234,,13,,2.76,0.721,0.7,0.272,,6.43,21.8,1.38,0.593
"BWQM","WN243","F15",09-APR-2024 11:02:48,9.16,"B",2.61,0.183,5.697,,14.5,,1.9835,0.822,0.712,0.2525,,6.73,14.595,1.03,0.818
"BWQM","WN243","F15",09-APR-2024 11:02:48,17.71,"C",2.46,0.185,5.715,,14.6,,1.68,0.833,0.716,0.194,,6.56,14.4,0.502,0.21
"BWQM","WN243","F15",09-APR-2024 11:02:48,27.05,"D",3.6,0.238,5.532,,13.7,,1.46,0.846,0.793,0.194,,6.34,13.1,,
"BWQM","WN243","F15",09-APR-2024 11:02:48,35.48,"E",1.82,0.151,5.679,,11.8,,1.28,0.903,0.867,0.177,,5.81,12.8,,
"PCCS","WN243_PCCS","F01",09-APR-2024 11:33:00,1.5,"A",1.9682,,,5.899,,14.5,,0.651,,,0.923,5.343,,1.71,0.28
"PCCS","WN243_PCCS","F01",09-APR-2024 11:33:00,25,"E",2.578,,,5.914,,15.9,,0.748,,,1.27,5.475,,1.1,0.43
"BWQM","WN243","F10",09-APR-2024 11:39:17,1.65,"A",1.57,0.159,5.381,,12.6,,1.56,0.779,0.675,0.133,,5.12,15,0.302,0.197
"BWQM","WN243","F10",09-APR-2024 11:39:17,8,"B",1.37,0.148,5.082,,11.4,,2.15,0.699,0.661,0.182,,4.35,15.3,1.01,0.573
"BWQM","WN243","F10",09-APR-2024 11:39:17,15.69,"C",1.52,0.148,5.032,,11.1,,2.45,0.719,0.675,0.1945,,4.26,15.5,0.8685,0.483
"BWQM","WN243","F10",09-APR-2024 11:39:17,24.49,"D",1.53,0.142,5.138,,10.4,,1.02,0.719,0.688,0.0995,,4.31,8.17,,
"BWQM","WN243","F10",09-APR-2024 11:39:17,33.28,"E",1.71,0.149,5.191,,11.3,,1.28,0.87,0.764,0.131,,4.45,13.6,,
"BWQM","WN243","F06",09-APR-2024 12:08:58,1.52,"A",1.53,0.125,5.095,,10.4,,1.51,0.77,0.793,0.0821,,4.09,12.7,1.01,0.338
"BWQM","WN243","F06",09-APR-2024 12:08:58,12.52,"B",1.58,0.154,5.326,,11.3,,1.44,0.8,0.775,0.134,,4.01,12.6,0.834,0.557
"BWQM","WN243","F06",09-APR-2024 12:08:58,18.99,"C",1.64,0.153,5.087,,12.1,,0.6785,0.801,0.755,0.09755,,4.05,6.235,0.599,0.5185
"BWQM","WN243","F06",09-APR-2024 12:08:58,24.37,"D",1.81,0.146,5.124,,12.4,,0.902,0.802,0.758,0.083,,4.12,7.98,,
"BWQM","WN243","F06",09-APR-2024 12:08:58,30.23,"E",1.76,0.15,5.36,,11.7,,0.925,0.808,0.709,0.0989,,4.24,18.6,,
"PCCS","WN243_PCCS","F02",09-APR-2024 12:54:00,1.5,"A",0.4933,,,0.077,,8.7,,0.165,,,0.555,1.522,,5.66,0.58
"PCCS","WN243_PCCS","F02",09-APR-2024 12:54:00,31,"E",0.4141,,,0.072,,10.7,,0.198,,,0.829,1.613,,8.19,0.91
"BWQM","WN243","F13",09-APR-2024 13:09:16,1.65,"A",2.03,0.182,5.858,,13.6,,4.28,0.72,0.59,0.334,,6.52,30.4,1.24,0.456
"BWQM","WN243","F13",09-APR-2024 13:09:16,10.5,"B",2.66,0.198,5.732,,14.9,,2.62,0.763,0.948,0.24,,6.29,21.2,0.956,0.45
"BWQM","WN243","F13",09-APR-2024 13:09:16,15.08,"C",2.87,0.187,5.693,,15.1,,2.37,0.812,0.887,0.2305,,6.12,18.05,0.5275,0.3575
"BWQM","WN243","F13",09-APR-2024 13:09:16,20.03,"D",2.6,0.173,5.857,,13,,2.38,0.83,0.746,0.334,,5.83,23,,
"BWQM","WN243","F13",09-APR-2024 13:09:16,24.92,"E",2.54,0.177,5.413,,13.4,,2.45,0.75,0.766,0.301,,5.84,23.3,,
"PCCS","WN244_PCCS","F02",13-MAY-2024 05:41:00,1.5,"A",1.067,,,0.215,,11.7,,0.146,,,0.33,0.07,,1.42,0.1
"PCCS","WN244_PCCS","F02",13-MAY-2024 05:41:00,28.5,"E",0.7038,,,3.011,,14.9,,0.65,,,0.926,5.65,,4.89,0.86
"PCCS","WN244_PCCS","F29",13-MAY-2024 07:08:00,1.5,"A",0.3839,,,0.285,,8.19,,0.198,,,1.37,0.084,,0.66,0.12
"PCCS","WN244_PCCS","F29",13-MAY-2024 07:08:00,58,"E",1.2441,,,5.652,,14.4,,0.813,,,0.928,5.813,,0.75,0.54
"PCCS","WN244_PCCS","F01",13-MAY-2024 09:16:00,1.5,"A",0.4533,,,0.281,,10.3,,0.123,,,0.428,0.723,,0.94,0.1
"PCCS","WN244_PCCS","F01",13-MAY-2024 09:16:00,22,"E",0.7178,,,3.139,,16,,0.747,,,1.21,10.41,,4.76,0.98
"BWQM","WN244","F23",14-MAY-2024 06:16:11,1.89,"A",1.33,0.114,0.743,,10.5,,4.01,0.422,0.289,0.278,,2.35,28.5,1.96,2.04
"BWQM","WN244","F23",14-MAY-2024 06:16:11,7.57,"B",1.4,0.109,0.971,,10.8,,3.8,0.412,0.172,0.31,,2.32,26.7,,
"BWQM","WN244","F23",14-MAY-2024 06:16:11,13.56,"C",1.555,0.1125,0.848,,11.45,,3.85,0.291,0.16,0.274,,2.325,27.3,2.495,1.635
"BWQM","WN244","F23",14-MAY-2024 06:16:11,19.24,"D",1.44,0.113,0.632,,10.8,,3.66,0.488,0,0.336,,2.33,26.7,,
"BWQM","WN244","F23",14-MAY-2024 06:16:11,24.98,"E",1.46,0.111,0.804,,11.4,,3.76,0.376,0.137,0.28,,2.3,26.3,2.53,1.54
"BWQM","WN244","N01",14-MAY-2024 07:11:38,1.46,"A",0.49,0,0,,7.54,,3.57,0.172,0,0.171,,0.457,25.5,2.22,0.625
"BWQM","WN244","N01",14-MAY-2024 07:11:38,8.37,"B",0.493,0,0.169,,8.5,,3.19,0.0946,0,0.158,,0.236,22.1,2.24,0.648
"BWQM","WN244","N01",14-MAY-2024 07:11:38,14.23,"C",0.545,0.0461,0.4209,,7.42,,2.36,0.289,0,0.1005,,0.455,17.45,1.435,0.485
"BWQM","WN244","N01",14-MAY-2024 07:11:38,21.98,"D",1.15,0.252,2.478,,12.7,,2.3,0.651,0.44,0.109,,3.69,18.3,,
"BWQM","WN244","N01",14-MAY-2024 07:11:38,28.95,"E",1.64,0.352,4.818,,14.1,,1.65,0.872,0.711,0.105,,6.38,13.6,,
"BWQM","WN244","N04",14-MAY-2024 07:49:15,1.71,"A",0.557,0,0,,8.29,,2.35,0.188,0,0.109,,0.17,17.9,1.64,0.447
"BWQM","WN244","N04",14-MAY-2024 07:49:15,11.24,"B",0.783,0.0188,0.1672,,7.14,,2.21,0.26,0.115,0.144,,0.141,17,,
"BWQM","WN244","N04",14-MAY-2024 07:49:15,22.84,"C",1.0975,0.2625,2.3325,,9.81,,3.315,0.6965,0.512,0.1057,,1.62,22.05,2.77,1.31
"BWQM","WN244","N04",14-MAY-2024 07:49:15,35.06,"D",1.14,0.299,6.021,,13.8,,1.79,0.987,0.771,0.0805,,5.7,13.4,,
"BWQM","WN244","N04",14-MAY-2024 07:49:15,47.33,"E",1.13,0.232,7.068,,15.6,,1.44,1.1,0.96,0.0709,,8.11,11.8,0.759,0.785
"BWQM","WN244","F22",14-MAY-2024 08:24:47,2.2,"A",0.489,0,0.0305,,7.27,,1.95,0.265,0,0.0856,,0,16.1,1.13,0.565
"BWQM","WN244","F22",14-MAY-2024 08:24:47,22.17,"B",1.185,0.349,3.431,,10.65,,2.055,0.6825,0.419,0.1055,,2.97,16.8,2.29,1.25
"BWQM","WN244","F22",14-MAY-2024 08:24:47,37.01,"C",0.983,0.299,6.331,,13.4,,1.54,0.936,0.558,0.0855,,6.36,13.3,,
"BWQM","WN244","F22",14-MAY-2024 08:24:47,55.89,"D",0.608,0.168,7.452,,16.1,,1.04,0.966,0.686,0.0705,,8.34,9.85,,
"BWQM","WN244","F22",14-MAY-2024 08:24:47,76.29,"E",0.742,0.136,7.424,,14.3,,1.28,1.01,0.609,0.0901,,9.1,11.8,0.787,0.817
"BWQM","WN244","N21",14-MAY-2024 09:16:33,2.01,"A",0.633,0,0,,6.81,,2.87,0.222,0,0.133,,0.0448,22.1,1.53,0.397
"BWQM","WN244","N21",14-MAY-2024 09:16:33,9.65,"B",0.902,0,0,,7.32,,1.98,0.288,0,0.0845,,0.163,17,1.4,0.334
"BWQM","WN244","N21",14-MAY-2024 09:16:33,16.3,"C",2.76,0.082,0.644,,10,,2.08,0.474,0.215,0.102,,1.23,15.35,1.21,0.4095
"BWQM","WN244","N21",14-MAY-2024 09:16:33,23.39,"D",28.1,0.526,5.654,,36.6,,2.91,1.33,1.28,0.206,,8.86,21,,
"BWQM","WN244","N21",14-MAY-2024 09:16:33,31.15,"E",3.45,0.388,5.772,,17.4,,1.51,1.1,0.936,0.0981,,7.42,14.3,,
"BWQM","WN244","N18",14-MAY-2024 09:43:22,2.14,"A",0.495,0,0,,8.08,,2.66,0.135,0,0.108,,3.71,23.2,1.52,0.409
"BWQM","WN244","N18",14-MAY-2024 09:43:22,6.59,"B",0.586,0,0,,6.68,,3.27,0.157,0,0.155,,0,26.4,,
"BWQM","WN244","N18",14-MAY-2024 09:43:22,11.6,"C",0.9405,0.00685,0,,8.07,,2.665,0.2485,0,0.126,,0.2295,20.5,1.775,0.763
"BWQM","WN244","N18",14-MAY-2024 09:43:22,16.18,"D",15.6,0.364,3.276,,26.9,,3.31,0.808,0.794,0.154,,5.56,22.7,,
"BWQM","WN244","N18",14-MAY-2024 09:43:22,22.9,"E",9.77,0.36,5.11,,22.3,,1.53,0.986,1.01,0.0888,,6.6,12.1,0.783,0.828
"BWQM","WN244","N07",14-MAY-2024 10:11:28,1.83,"A",1.3,0.0206,0.0293,,7.57,,2.75,0.276,0.2,0.105,,0.236,23.8,2.22,0.573
"BWQM","WN244","N07",14-MAY-2024 10:11:28,11.54,"B",7.13,0.16,1.21,,16,,3.05,0.418,0.396,0.179,,2.38,21.5,2.7,0.851
"BWQM","WN244","N07",14-MAY-2024 10:11:28,24.31,"C",14.5,0.428,4.842,,28.5,,1.975,1.1,1,0.105,,6.71,14.4,1.012,0.7495
"BWQM","WN244","N07",14-MAY-2024 10:11:28,35.48,"D",2.89,0.349,6.831,,17.2,,1.95,1.23,1.04,0.101,,9.25,14.2,,
"BWQM","WN244","N07",14-MAY-2024 10:11:28,48.31,"E",1.48,0.305,7.055,,15.8,,1.69,1.17,0.949,0.0922,,9.82,13.7,,
"BWQM","WN244","F15",14-MAY-2024 10:41:34,1.28,"A",0.682,0.0488,0.2562,,7.53,,2.33,0.249,0,0.0986,,0.979,16.6,0.526,0.197
"BWQM","WN244","F15",14-MAY-2024 10:41:34,8.55,"B",2.49,0.0649,0.4261,,10.2,,3.01,0.323,0,0.121,,1.03,21.3,2.3,0.572
"BWQM","WN244","F15",14-MAY-2024 10:41:34,16.79,"C",13.1,0.279,2.411,,22.2,,2.645,0.604,0.378,0.09945,,3.78,18.4,1.915,0.8555
"BWQM","WN244","F15",14-MAY-2024 10:41:34,26.08,"D",6.12,0.359,5.321,,18.5,,1.86,1.04,0.683,0.13,,7.21,15.7,,
"BWQM","WN244","F15",14-MAY-2024 10:41:34,34.93,"E",1.96,0.353,6.617,,15.9,,2.8,1.06,0.733,0.135,,9.07,22.7,,
"BWQM","WN244","F10",14-MAY-2024 11:18:00,1.83,"A",2.87,0.087,0.564,,9.54,,2.81,0.237,0,0.104,,1.26,20.2,2.25,0.758
"BWQM","WN244","F10",14-MAY-2024 11:18:00,7.69,"B",10.7,0.28,2.54,,20,,3.04,0.596,0.337,0.126,,3.67,19.9,2.47,0.938
"BWQM","WN244","F10",14-MAY-2024 11:18:00,14.41,"C",3,0.227,2.853,,13,,2.375,0.69,0.365,0.1006,,4.39,14.7,0.896,0.6935
"BWQM","WN244","F10",14-MAY-2024 11:18:00,21.8,"D",5.31,0.302,3.918,,15.5,,2.11,0.845,0.504,0.088,,5.13,14.3,,
"BWQM","WN244","F10",14-MAY-2024 11:18:00,28.03,"E",3.08,0.31,4.44,,14.4,,4.9,0.909,0.581,0.0951,,5.4,46.5,,
"BWQM","WN244","F06",14-MAY-2024 11:53:59,1.59,"A",0.635,0.0445,0.1805,,7.96,,2.34,0.168,0.117,0.159,,1.28,16.8,1.85,0.737
"BWQM","WN244","F06",14-MAY-2024 11:53:59,9.71,"B",1.37,0.157,1.693,,8.98,,2.67,0.484,0.323,0.109,,2.75,16.9,1.51,0.678
"BWQM","WN244","F06",14-MAY-2024 11:53:59,17.34,"C",1.41,0.211,2.919,,10.4,,2.05,0.708,0.49,0.09695,,4.58,13.2,0.901,0.679
"BWQM","WN244","F06",14-MAY-2024 11:53:59,25.16,"D",1.51,0.262,3.878,,13,,2.67,1.02,0.583,0.123,,6.94,18.4,,
"BWQM","WN244","F06",14-MAY-2024 11:53:59,32.12,"E",1.49,0.298,5.032,,13,,3.11,1,0.666,0.177,,8.16,20.3,,
"BWQM","WN244","F13",14-MAY-2024 12:39:00,1.77,"A",0.677,0.0801,0.4649,,8.89,,2.85,0.248,0,0.15,,1.59,20.2,1.96,0.526
"BWQM","WN244","F13",14-MAY-2024 12:39:00,6.47,"B",0.847,0.0922,0.5808,,8.33,,3.53,0.313,0,0.169,,1.6,24,2.1,0.716
"BWQM","WN244","F13",14-MAY-2024 12:39:00,11.36,"C",1.42,0.0668,0.4462,,8.74,,2.465,0.34,0,0.109,,1.11,16.2,1.58,0.5735
"BWQM","WN244","F13",14-MAY-2024 12:39:00,17.59,"D",2.59,0.184,2.056,,11.9,,1.92,0.471,0.258,0.104,,3.54,13.8,,
"BWQM","WN244","F13",14-MAY-2024 12:39:00,22.84,"E",2.72,0.206,2.724,,13.8,,1.87,0.687,0.4,0.133,,4.72,14.1,,
"PCCS","WN245_PCCS","F01",16-JUN-2024 10:36:00,1.5,"A",0.2453,,,0.327,,15,,0.091,,,0.283,0.489,,0.79,0.2
"PCCS","WN245_PCCS","F01",16-JUN-2024 10:36:00,23,"E",2.0382,,,5.451,,19,,0.889,,,1.19,14.463,,1.47,0.34
"PCCS","WN245_PCCS","F02",16-JUN-2024 12:15:00,1.5,"A",0.0305,,,0.106,,9.65,,0.101,,,0.393,1.135,,0.78,0.21
"PCCS","WN245_PCCS","F02",16-JUN-2024 12:15:00,28,"E",0.8002,,,5.614,,16,,0.7,,,1.05,10.606,,1.28,0.33
"PCCS","WN245_PCCS","F29",16-JUN-2024 13:50:00,1.5,"A",0.1195,,,0.213,,11.1,,0.165,,,0.195,0.805,,0.92,0.21
"PCCS","WN245_PCCS","F29",16-JUN-2024 13:50:00,60.5,"E",0.1877,,,8.397,,16.9,,0.893,,,1.07,9.324,,0.1,0.29
"BWQM","WN245","F06",18-JUN-2024 07:21:49,2.46,"A",0.333,0.031,0,,10.2,,3.09,0.12,0,0.194,,0.719,26.6,1.06,0.433
"BWQM","WN245","F06",18-JUN-2024 07:21:49,9.24,"B",0.253,0.0226,0.1564,,8.35,,3.16,0.258,0,0.185,,0.966,24.5,1.69,0.709
"BWQM","WN245","F06",18-JUN-2024 07:21:49,16.27,"C",0.783,0.087,0.902,,8.94,,2.53,0.428,0.322,0.1465,,2.07,16.6,1.925,0.924
"BWQM","WN245","F06",18-JUN-2024 07:21:49,23.11,"D",0.729,0.218,4.222,,14.5,,1.2,0.764,0.713,0.0784,,4.47,9.1,,
"BWQM","WN245","F06",18-JUN-2024 07:21:49,31.11,"E",0.819,0.216,5.364,,25.4,,1.01,0.855,1.28,0.0897,,5.35,8.65,,
"BWQM","WN245","F10",18-JUN-2024 07:55:34,1.67,"A",0.305,0.0197,0,,7.98,,3.3,0.154,0,0.193,,0.872,25.6,1.58,0.613
"BWQM","WN245","F10",18-JUN-2024 07:55:34,8.88,"B",0.323,0.0369,0.1491,,8.08,,3.16,0.298,0.123,0.238,,1.53,22.3,2.29,1.06
"BWQM","WN245","F10",18-JUN-2024 07:55:34,15.9,"C",0.54,0.136,1.654,,10.9,,3.035,0.586,0.401,0.1865,,3.07,18.65,1.99,0.9765
"BWQM","WN245","F10",18-JUN-2024 07:55:34,23.35,"D",1.16,0.245,4.805,,14.3,,1.13,0.832,0.655,0.0656,,5.45,8.42,,
"BWQM","WN245","F10",18-JUN-2024 07:55:34,31.29,"E",1.02,0.238,4.632,,15.6,,1.08,0.836,0.727,0.0594,,5.34,7.93,,
"BWQM","WN245","F15",18-JUN-2024 08:29:22,1.67,"A",0.34,0.0171,0,,12.8,,5.07,0.29,0.113,0.348,,2.12,47,4.6,1.42
"BWQM","WN245","F15",18-JUN-2024 08:29:22,11.56,"B",4.52,0.141,0.856,,15.8,,7.785,0.6,0.506,0.4595,,3.55,52.35,11.75,4.43
"BWQM","WN245","F15",18-JUN-2024 08:29:22,19.01,"C",8.51,0.222,1.448,,18.3,,2.89,0.742,0.526,0.216,,3.24,20.2,2.09,1.2
"BWQM","WN245","F15",18-JUN-2024 08:29:22,27.08,"D",1.43,0.279,4.341,,22.5,,0.948,0.918,1.14,0.0793,,4.95,8.34,,
"BWQM","WN245","F15",18-JUN-2024 08:29:22,36.05,"E",1.12,0.245,5.225,,15.7,,1.73,0.947,0.777,0.139,,6.04,14.4,,
"BWQM","WN245","N07",18-JUN-2024 08:57:42,1.91,"A",0.877,0.0398,0.2022,,8.92,,4.48,0.299,0.119,0.274,,1.64,37,2.28,1.06
"BWQM","WN245","N07",18-JUN-2024 08:57:42,11.87,"B",0.954,0.0645,0.3985,,7.07,,3.01,0.544,0.221,0.1635,,1.95,20.35,2.495,1.525
"BWQM","WN245","N07",18-JUN-2024 08:57:42,23.53,"C",0.662,0.187,2.683,,10.6,,1.18,0.723,0.358,0.102,,2.95,9.45,0.999,0.744
"BWQM","WN245","N07",18-JUN-2024 08:57:42,36.48,"D",0.683,0.229,4.411,,12.1,,0.829,0.816,0.493,0.074,,3.37,6.92,,
"BWQM","WN245","N07",18-JUN-2024 08:57:42,49.13,"E",0.691,0.191,5.679,,13.4,,1.3,0.986,0.637,0.0977,,5.18,8.18,,
"BWQM","WN245","N18",18-JUN-2024 09:28:46,1.61,"A",0.529,0.0284,0,,7.57,,5.12,0.142,0,0.364,,0.893,51.8,3.73,0.156
"BWQM","WN245","N18",18-JUN-2024 09:28:46,6.19,"B",5.64,0.185,1.035,,12.3,,6.78,0.535,0.218,0.467,,2.84,49.4,,
"BWQM","WN245","N18",18-JUN-2024 09:28:46,10.89,"C",18.75,0.443,3.432,,26.1,,3.025,1.33,0.723,0.18,,5.17,20.2,2.21,0.966
"BWQM","WN245","N18",18-JUN-2024 09:28:46,17.43,"D",16.8,0.4,3.94,,28.2,,1.78,1.31,1,0.131,,5.54,13,,
"BWQM","WN245","N18",18-JUN-2024 09:28:46,22.98,"E",13,0.398,4.092,,27.3,,1.42,1.3,0.96,0.186,,5.52,10.5,0.62,0.495
"BWQM","WN245","N21",18-JUN-2024 09:53:34,1.73,"A",0.24,0,0.0487,,10.5,,5.66,0.13,0,0.282,,0.864,50.5,2.06,0.634
"BWQM","WN245","N21",18-JUN-2024 09:53:34,9,"B",3.92,0.117,0.787,,13.8,,5.615,0.426,0.175,0.3585,,1.95,47.3,4.1,1.32
"BWQM","WN245","N21",18-JUN-2024 09:53:34,16.82,"C",19.2,0.434,3.886,,33.2,,1.92,1.53,1.12,0.162,,5.82,15.1,0.892,0.566
"BWQM","WN245","N21",18-JUN-2024 09:53:34,24.14,"D",11.3,0.343,3.987,,25.9,,1.47,1.19,0.922,0.103,,5.43,11.1,,
"BWQM","WN245","N21",18-JUN-2024 09:53:34,34.1,"E",3,0.244,4.246,,15.4,,1.04,1.01,0.598,0.084,,7.2,9.9,,
"BWQM","WN245","F22",18-JUN-2024 10:39:39,1.97,"A",0.599,0.0336,0.0356,,20.2,,3.36,0.167,0.397,0.277,,0.163,33.8,1.28,0.444
"BWQM","WN245","F22",18-JUN-2024 10:39:39,18.77,"B",0.758,0.1465,1.9985,,10.285,,2.225,0.533,0.386,0.148,,2.5,15.7,2.67,1.065
"BWQM","WN245","F22",18-JUN-2024 10:39:39,36.79,"C",0.689,0.205,6.755,,20,,1.52,0.809,0.816,0.105,,4.57,12.4,,
"BWQM","WN245","F22",18-JUN-2024 10:39:39,57.25,"D",0.436,0.0778,8.2222,,16,,4.36,0.967,0.845,0.0563,,6.26,31,,
"BWQM","WN245","F22",18-JUN-2024 10:39:39,76.8,"E",0.437,0.0956,8.5444,,20.4,,0.806,1.05,1.17,0.111,,7.11,7.64,0.222,0.3
"BWQM","WN245","N04",18-JUN-2024 11:18:36,1.61,"A",0.573,0.0307,0,,6.77,,3.91,0.181,0,0.207,,0.828,34.4,1.58,0.608
"BWQM","WN245","N04",18-JUN-2024 11:18:36,10.83,"B",0.578,0.0398,0.3052,,8.13,,3.03,0.329,0.142,0.224,,2.07,24.7,,
"BWQM","WN245","N04",18-JUN-2024 11:18:36,19.69,"C",1.265,0.2565,3.4735,,11.3,,0.8765,0.782,0.4775,0.06915,,3.305,8.105,0.474,0.394
"BWQM","WN245","N04",18-JUN-2024 11:18:36,35.63,"D",1.14,0.23,5.35,,13.5,,0.853,1.07,0.626,0.0811,,5.45,7.78,,
"BWQM","WN245","N04",18-JUN-2024 11:18:36,47.78,"E",1.09,0.215,5.975,,13.4,,0.971,1.02,0.702,0.106,,6.16,8.4,0.196,0.385
"BWQM","WN245","N01",18-JUN-2024 11:54:32,1.67,"A",0.598,0,0.0528,,9.06,,5.24,0.293,0.175,0.334,,1.27,43.3,2.93,0.864
"BWQM","WN245","N01",18-JUN-2024 11:54:32,7.59,"B",0.583,0.0139,0.1521,,13.9,,3.44,0.381,0.415,0.254,,1.64,27.4,2.22,1.2
"BWQM","WN245","N01",18-JUN-2024 11:54:32,14.49,"C",0.652,0.107,0.993,,8.45,,2.325,0.671,0.376,0.1715,,2.38,17.05,2.11,1.019
"BWQM","WN245","N01",18-JUN-2024 11:54:32,21.15,"D",1.02,0.257,3.713,,12.8,,0.711,0.836,0.621,0.0873,,4.95,7.4,,
"BWQM","WN245","N01",18-JUN-2024 11:54:32,28.18,"E",0.893,0.222,3.508,,14.4,,1.09,0.908,0.686,0.112,,4.87,11.7,,
"BWQM","WN245","F23",18-JUN-2024 12:29:36,1.85,"A",0.965,0.0231,0,,11.1,,6.75,0.282,0.187,0.491,,3.79,51.5,3.54,1.11
"BWQM","WN245","F23",18-JUN-2024 12:29:36,7.65,"B",0.764,0.0483,0.1487,,9.32,,6.21,0.381,0.262,0.432,,3.12,44.8,,
"BWQM","WN245","F23",18-JUN-2024 12:29:36,13.46,"C",0.8795,0.08565,0.38485,,8.155,,4.275,0.582,0.2445,0.311,,3.205,28.7,3.02,0.953
"BWQM","WN245","F23",18-JUN-2024 12:29:36,17.79,"D",0.912,0.121,0.705,,7.78,,3.34,0.693,0.361,0.25,,3.52,22.2,,
"BWQM","WN245","F23",18-JUN-2024 12:29:36,25.06,"E",1.05,0.133,0.917,,9.4,,3.44,0.686,0.395,0.21,,3.71,23.8,2.16,1.01
"BWQM","WN245","F13",18-JUN-2024 13:20:27,1.36,"A",0.564,0.0458,0.2932,,14.1,,4.05,0.36,0,0.238,,2.29,39.4,2.74,0.942
"BWQM","WN245","F13",18-JUN-2024 13:20:27,5.46,"B",0.861,0.0987,0.8743,,10.8,,4.47,0.393,0.191,0.246,,3.54,37.5,3.34,1.29
"BWQM","WN245","F13",18-JUN-2024 13:20:27,11.26,"C",0.918,0.241,2.469,,12.6,,2.82,0.738,0.519,0.177,,5.65,19.45,2.51,1.0605
"BWQM","WN245","F13",18-JUN-2024 13:20:27,16.45,"D",1.84,0.317,4.163,,17.5,,1.52,0.894,0.924,0.0932,,6.28,11.2,,
"BWQM","WN245","F13",18-JUN-2024 13:20:27,22.37,"E",1.83,0.309,4.251,,18.2,,1.35,0.958,1.04,0.106,,6.38,11.2,,
"PCCS","WN246_PCCS","F02",24-JUL-2024 04:25:00,1.5,"A",0.3949,,,0.035,,13,,0.226,,,0.772,0.684,,0.73,0.35
"PCCS","WN246_PCCS","F02",24-JUL-2024 04:25:00,28,"E",0.9182,,,7.123,,19.6,,0.839,,,1.33,8.615,,3.06,0.5
"PCCS","WN246_PCCS","F29",24-JUL-2024 06:02:00,1.5,"A",0.4691,,,0.076,,12.1,,0.106,,,0.769,0.92,,1.06,0.38
"PCCS","WN246_PCCS","F29",24-JUL-2024 06:02:00,59.5,"E",0,,,7.241,,19.1,,0.716,,,1.12,7.383,,0.19,0.31
"BWQM","WN246","F06",24-JUL-2024 07:31:50,1.89,"A",0.569,0.0211,0.4689,,12.1,,6.98,0.456,0.272,0.577,,1.13,84.1,3.53,1.4
"BWQM","WN246","F06",24-JUL-2024 07:31:50,7.08,"B",1.19,0.246,3.764,,15.9,,4.25,1.09,0.497,0.2635,,6.28,34.05,2.09,1.434
"BWQM","WN246","F06",24-JUL-2024 07:31:50,15.51,"C",1.51,0.256,5.744,,15.6,,1.78,1.09,0.348,0.187,,6.78,13.8,0.677,0.458
"BWQM","WN246","F06",24-JUL-2024 07:31:50,20.83,"D",1.57,0.227,6.013,,12.8,,1.48,1.16,0.565,0.0683,,6.93,11.1,,
"BWQM","WN246","F06",24-JUL-2024 07:31:50,29.68,"E",0.927,0.191,6.499,,14,,1.11,1.22,0.754,0.0735,,6.93,9.69,,
"BWQM","WN246","F10",24-JUL-2024 08:05:27,1.77,"A",0.677,0,0,,6.88,,5.37,0.394,0.182,0.462,,0.852,66.3,0.699,0.238
"BWQM","WN246","F10",24-JUL-2024 08:05:27,8.43,"B",0.676,0.0198,0.2372,,6.56,,3.53,0.621,0.36,0.239,,3.34,28.3,0.899,0.881
"BWQM","WN246","F10",24-JUL-2024 08:05:27,15.64,"C",0.684,0.136,2.284,,10.1,,2.88,0.877,0.447,0.2205,,4.38,21.7,1.625,0.9865
"BWQM","WN246","F10",24-JUL-2024 08:05:27,22.17,"D",0.993,0.193,5.267,,10.1,,1.71,1.02,0.497,0.116,,5.7,13.3,,
"BWQM","WN246","F10",24-JUL-2024 08:05:27,29.13,"E",0.848,0.18,5.9,,10.9,,1.15,1.06,0.627,0.0737,,6.11,9.57,,
"PCCS","WN246_PCCS","F01",24-JUL-2024 08:08:00,1.5,"A",0.2029,,,0.076,,13.6,,0.169,,,0.872,0.674,,2.89,0.41
"PCCS","WN246_PCCS","F01",24-JUL-2024 08:08:00,21,"E",0.7036,,,8.085,,25.3,,0.838,,,1.35,13.474,,4.95,0.82
"BWQM","WN246","F15",24-JUL-2024 08:39:37,1.71,"A",0.748,0,0,,6.59,,4.49,0.524,0.287,0.267,,2.51,37,1.21,0.932
"BWQM","WN246","F15",24-JUL-2024 08:39:37,9.71,"B",0.754,0,0.188,,6.17,,3.06,0.674,0.382,0.205,,3.35,25.2,1.29,0.485
"BWQM","WN246","F15",24-JUL-2024 08:39:37,17.83,"C",0.441,0.0945,2.8655,,9.31,,3.23,0.839,0.438,0.146,,4.35,24.05,2.43,1.11
"BWQM","WN246","F15",24-JUL-2024 08:39:37,26.38,"D",0.586,0.198,6.112,,12.6,,0.919,1.01,0.501,0.0772,,5.68,8.29,,
"BWQM","WN246","F15",24-JUL-2024 08:39:37,35.12,"E",0.595,0.153,5.997,,11.9,,0.919,1.03,0.673,0.0742,,4.8,8.11,,
"BWQM","WN246","N07",24-JUL-2024 09:02:01,1.59,"A",0.39,0,0,,6.74,,3.17,0.397,0.269,0.247,,1.51,31.4,0.417,0.31
"BWQM","WN246","N07",24-JUL-2024 09:02:01,13.25,"B",0.79,0.181,2.579,,9.8,,2.12,0.874,0.639,0.2435,,4.56,15.9,0.829,0.86
"BWQM","WN246","N07",24-JUL-2024 09:02:01,24.37,"C",0.479,0.129,5.511,,12.8,,0.929,1.04,0.449,0.096,,4.97,8.16,0.455,0.163
"BWQM","WN246","N07",24-JUL-2024 09:02:01,35,"D",0.478,0.078,6.602,,12,,0.695,1.06,0.538,0.3,,5.28,6.9,,
"BWQM","WN246","N07",24-JUL-2024 09:02:01,45.69,"E",0.415,0.0795,6.9705,,14.8,,0.672,1.16,0.396,0.121,,5.6,7.49,,
"BWQM","WN246","N18",24-JUL-2024 09:32:46,1.96,"A",0.511,0,0,,7.08,,3.99,0.494,0.254,0.163,,1.9,34.7,0.739,0.223
"BWQM","WN246","N18",24-JUL-2024 09:32:46,7.51,"B",0.436,0,0,,6.25,,3.68,0.522,0.337,0.365,,2.7,33.9,,
"BWQM","WN246","N18",24-JUL-2024 09:32:46,12.83,"C",0.632,0,0.138,,7.27,,4.625,0.6805,0.438,0.219,,3.83,40.7,1.102,0.8445
"BWQM","WN246","N18",24-JUL-2024 09:32:46,18.38,"D",0.922,0.121,1.899,,7.45,,2.28,0.847,0.518,0.323,,4.68,18.9,,
"BWQM","WN246","N18",24-JUL-2024 09:32:46,24.31,"E",1.14,0.154,3.096,,11.3,,1.44,0.935,0.51,0.138,,5.34,14.3,2.31,0.806
"BWQM","WN246","N21",24-JUL-2024 09:55:24,2.08,"A",0.963,0,0.107,,7.49,,4.57,0.377,0.226,0.153,,1.54,38.5,2.25,1.35
"BWQM","WN246","N21",24-JUL-2024 09:55:24,9.04,"B",11.3,0.306,2.564,,21.3,,3.45,1.05,0.466,0.248,,3.78,23.15,1.805,1.4
"BWQM","WN246","N21",24-JUL-2024 09:55:24,16.31,"C",15.3,0.296,3.184,,23.7,,2.94,1.24,0.505,0.173,,4.74,19.3,1.02,0.394
"BWQM","WN246","N21",24-JUL-2024 09:55:24,23.51,"D",7.37,0.166,3.054,,16.1,,1.98,1.1,0.444,0.123,,5.03,18.9,,
"BWQM","WN246","N21",24-JUL-2024 09:55:24,31.27,"E",2.96,0.149,3.771,,11.7,,0.999,1.09,0.644,0.0971,,4.88,14.2,,
"BWQM","WN246","F22",24-JUL-2024 10:46:50,1.83,"A",0.634,0,0,,6.74,,2.39,0.391,0.253,0.191,,2.24,24.7,0.562,0.197
"BWQM","WN246","F22",24-JUL-2024 10:46:50,12.4,"B",0.457,0,0,,7.37,,2.85,0.566,0.339,0.206,,3.04,28,,
"BWQM","WN246","F22",24-JUL-2024 10:46:50,21.62,"C",0.61,0.03285,0.32115,,5.96,,4.23,0.7215,0.448,0.2455,,3.825,28.15,,0.3285
"BWQM","WN246","F22",24-JUL-2024 10:46:50,49.6,"D",0.887,0.0233,7.5067,,12.9,,0.639,1.06,0.455,0.0459,,5.78,6.55,,
"BWQM","WN246","F22",24-JUL-2024 10:46:50,78.19,"E",0.518,0.0434,8.6666,,15.1,,0.802,1.17,0.822,0.086,,7.8,8.49,1.85,0.857
"BWQM","WN246","N04",24-JUL-2024 11:32:31,2.02,"A",2.13,0.0387,0.5763,,8.88,,8.86,0.48,0.252,0.539,,1.81,67.3,3.33,1.95
"BWQM","WN246","N04",24-JUL-2024 11:32:31,14.17,"B",10,0.2625,2.6975,,18.85,,2.9,1.14,0.577,0.147,,4.65,19.45,0.9935,0.6775
"BWQM","WN246","N04",24-JUL-2024 11:32:31,25.59,"C",2.59,0.198,4.952,,13.2,,1.23,1.08,0.582,0.078,,5.48,10.1,,
"BWQM","WN246","N04",24-JUL-2024 11:32:31,37.5,"D",0.57,0.16,7.08,,13,,0.765,1.08,0.503,0.0519,,6.06,6.75,,
"BWQM","WN246","N04",24-JUL-2024 11:32:31,49.05,"E",0.458,0.137,7.063,,13.2,,0.905,1.11,0.536,0.0681,,6.08,8.1,1.48,1.12
"BWQM","WN246","N01",24-JUL-2024 12:14:17,2.26,"A",0.784,0,0,,8.89,,9.71,0.608,0.398,0.696,,3.52,73.4,2.94,1.1
"BWQM","WN246","N01",24-JUL-2024 12:14:17,8.61,"B",0.645,0.0171,0.1719,,6.62,,11.2,0.446,0.271,0.536,,3.26,87.55,6.43,3.099
"BWQM","WN246","N01",24-JUL-2024 12:14:17,15.39,"C",6.27,0.273,2.917,,16.4,,2.34,0.996,0.543,0.126,,4.91,16.7,1.05,0.326
"BWQM","WN246","N01",24-JUL-2024 12:14:17,22.23,"D",0.85,0.302,2.588,,8.84,,1.63,0.835,0.52,0.109,,4.71,11.9,,
"BWQM","WN246","N01",24-JUL-2024 12:14:17,29.13,"E",0.897,0.298,5.112,,13.3,,1.33,1.1,0.657,0.1,,6.88,10.2,,
"BWQM","WN246","F23",24-JUL-2024 12:52:07,1.89,"A",2.62,0.175,1.695,,11,,4.84,0.887,0.719,0.348,,5.01,33.3,2.74,1.28
"BWQM","WN246","F23",24-JUL-2024 12:52:07,7.15,"B",2.78,0.192,1.898,,13.1,,3.51,0.893,0.616,0.248,,5.08,24.8,,
"BWQM","WN246","F23",24-JUL-2024 12:52:07,12.95,"C",2.555,0.2065,1.9035,,11.35,,3.54,0.937,0.6465,0.267,,5.025,25.5,1.264,0.7445
"BWQM","WN246","F23",24-JUL-2024 12:52:07,18.81,"D",1.93,0.233,1.967,,11.3,,3.06,0.878,0.61,0.261,,5,21.6,,
"BWQM","WN246","F23",24-JUL-2024 12:52:07,24.49,"E",2.06,0.251,2.119,,10.6,,2.55,0.982,0.711,0.232,,5.07,18.5,1.48,1.83
"BWQM","WN246","F13",24-JUL-2024 13:42:11,1.83,"A",0.697,0,0.155,,6.94,,6.75,0.498,0.345,0.452,,2.94,52.4,3.48,1.82
"BWQM","WN246","F13",24-JUL-2024 13:42:11,5.8,"B",0.823,0.111,1.089,,7.94,,4.02,0.727,0.453,0.2565,,4.33,28.4,2.425,1.2515
"BWQM","WN246","F13",24-JUL-2024 13:42:11,12.58,"C",2.21,0.237,4.113,,12.1,,1.39,1.05,0.365,0.15,,6.44,9.95,0.517,0.85
"BWQM","WN246","F13",24-JUL-2024 13:42:11,18.87,"D",1.76,0.228,4.952,,15,,1.06,1.13,0.72,0.0784,,6.84,9.33,,
"BWQM","WN246","F13",24-JUL-2024 13:42:11,24.55,"E",1.57,0.219,5.191,,11.9,,1.01,1.15,0.717,0.0628,,6.83,10.5,,
"PCCS","WN247_PCCS","F02",18-AUG-2024 12:31:00,1.5,"A",1,,,0.201,,13.1,,0.142,,,1.02,2.828,,0.75,0.33
"PCCS","WN247_PCCS","F02",18-AUG-2024 12:31:00,28,"E",1.8607,,,6.706,,20.5,,1.033,,,1.69,17.168,,0.24,0.25
"PCCS","WN247_PCCS","F29",18-AUG-2024 13:48:00,1.5,"A",0.2497,,,0.033,,14.3,,0.127,,,0.934,3.09,,1.09,0.42
"PCCS","WN247_PCCS","F29",18-AUG-2024 13:48:00,61.5,"E",0.0517,,,8.082,,17.6,,0.876,,,1.39,10.251,,0.12,0.39
"PCCS","WN247_PCCS","F01",18-AUG-2024 15:30:00,1.5,"A",0,,,0.12,,20.7,,0.108,,,0.922,2.644,,0.75,0.26
"PCCS","WN247_PCCS","F01",18-AUG-2024 15:30:00,22,"E",1.6857,,,2.938,,18.7,,0.688,,,1.5,8.826,,0.77,0.76
"BWQM","WN247","F13",21-AUG-2024 07:51:00,1.92,"A",0,0,0,,9.27,,4.1,0.234,0.203,0.321,,3.09,32.3,0.737,0.895
"BWQM","WN247","F13",21-AUG-2024 07:51:00,6.68,"B",0.231,0,0.114,,7.87,,4.61,0.351,0.205,0.291,,3.31,34.6,2.79,0.814
"BWQM","WN247","F13",21-AUG-2024 07:51:00,11.69,"C",0.603,0.0924,0.6906,,10,,4.805,0.591,0.501,0.2655,,6.08,31.6,2.34,2.52
"BWQM","WN247","F13",21-AUG-2024 07:51:00,17.49,"D",1.87,0.311,2.829,,12.3,,1.72,1,0.606,0.159,,8.67,15.4,,
"BWQM","WN247","F13",21-AUG-2024 07:51:00,23.36,"E",1.79,0.304,2.766,,13.9,,1.81,1.01,0.829,0.156,,8.52,14.2,,
"BWQM","WN247","F23",21-AUG-2024 08:45:59,1.8,"A",1.33,0.109,0.792,,10.2,,6.38,0.642,0.448,0.423,,6.64,41,5.65,2.61
"BWQM","WN247","F23",21-AUG-2024 08:45:59,7.66,"B",1.42,0.105,0.779,,9.37,,6.54,0.702,0.46,0.436,,6.72,41.4,,
"BWQM","WN247","F23",21-AUG-2024 08:45:59,13.52,"C",1.675,0.123,1.187,,9.5,,5.495,0.7515,0.389,0.4375,,6.865,37.1,4.125,2.36
"BWQM","WN247","F23",21-AUG-2024 08:45:59,18.47,"D",1.6,0.156,1.654,,10.4,,5.79,0.784,0.474,0.435,,7.04,38.1,,
"BWQM","WN247","F23",21-AUG-2024 08:45:59,25.31,"E",1.98,0.213,2.527,,10.8,,4.47,0.983,0.577,0.448,,7.79,33.6,2.36,2.3
"BWQM","WN247","N01",21-AUG-2024 09:21:41,1.8,"A",0.209,0,0,,7.64,,10.3,0.415,0.169,0.679,,3.15,72.2,9.12,3.58
"BWQM","WN247","N01",21-AUG-2024 09:21:41,8.58,"B",0.129,0,0.0887,,6.96,,6.875,0.452,0.142,0.449,,3.68,47.65,6.365,1.965
"BWQM","WN247","N01",21-AUG-2024 09:21:41,15.48,"C",0.611,0.222,2.308,,9.12,,2.05,0.904,0.44,0.134,,6.34,13.3,1.58,1.16
"BWQM","WN247","N01",21-AUG-2024 09:21:41,22.26,"D",2.25,0.343,4.717,,11.7,,1.18,1.02,0.578,0.096,,7.67,8.83,,
"BWQM","WN247","N01",21-AUG-2024 09:21:41,29.16,"E",1.46,0.333,6.007,,13.2,,2.4,1.14,0.675,0.104,,8.54,19.2,,
"BWQM","WN247","N04",21-AUG-2024 09:59:28,1.8,"A",0.252,0,0,,6.98,,3.25,0.294,0,0.216,,3.08,26.5,1.68,0.757
"BWQM","WN247","N04",21-AUG-2024 09:59:28,10.23,"B",0.273,0,0,,6.42,,3.84,0.426,0,0.239,,3.21,29.4,,
"BWQM","WN247","N04",21-AUG-2024 09:59:28,18.65,"C",0.3755,0.132,1.168,,6.5,,2.85,0.6045,0.256,0.1425,,4.62,18.95,2.455,1.365
"BWQM","WN247","N04",21-AUG-2024 09:59:28,33.07,"D",0.237,0.113,5.397,,11,,0.4,1.01,0.497,0.132,,5.51,4.4,,
"BWQM","WN247","N04",21-AUG-2024 09:59:28,47.55,"E",0.326,0.168,8.872,,13.3,,1.15,1.12,0.653,0.0654,,8.92,11.2,0,0.278
"BWQM","WN247","F22",21-AUG-2024 10:34:23,1.92,"A",0.382,0,0.0886,,6.09,,3.13,0.265,0.111,0.212,,2.56,28.3,0.831,0.535
"BWQM","WN247","F22",21-AUG-2024 10:34:23,17.19,"B",0.49,0.197,1.473,,6.905,,2.65,0.657,0.396,0.133,,5.53,16.55,0.727,0.5615
"BWQM","WN247","F22",21-AUG-2024 10:34:23,38.38,"C",0.385,0.159,4.431,,8.62,,1.32,0.783,0.459,0.06,,5.14,9.55,,
"BWQM","WN247","F22",21-AUG-2024 10:34:23,58.6,"D",0.338,0.0186,8.2414,,11.4,,0.8,1.07,0.477,0.0654,,6.57,7.46,,
"BWQM","WN247","F22",21-AUG-2024 10:34:23,77.73,"E",0.218,0.075,9.285,,13.7,,1.93,1.04,0.633,0.101,,8.92,19.3,1.6,0.996
"BWQM","WN247","N21",21-AUG-2024 11:26:54,1.8,"A",0.505,0,0,,6.13,,5.21,0.343,0,0.326,,2.17,52.3,4.33,1.14
"BWQM","WN247","N21",21-AUG-2024 11:26:54,10.53,"B",2.55,0.0772,0.8978,,9.78,,4.715,0.543,0.355,0.271,,4.22,36.85,3.885,1.44
"BWQM","WN247","N21",21-AUG-2024 11:26:54,18.47,"C",20.9,0.424,6.176,,32,,1.74,1.77,1.23,0.132,,8.71,13.6,0.243,0.491
"BWQM","WN247","N21",21-AUG-2024 11:26:54,26.41,"D",5.21,0.352,6.578,,16.1,,1.36,1.15,0.915,0.0948,,8.11,14.4,,
"BWQM","WN247","N21",21-AUG-2024 11:26:54,34.72,"E",1.9,0.322,6.948,,13.1,,1.5,1.13,0.624,0.0738,,8.06,10.8,,
"BWQM","WN247","N18",21-AUG-2024 11:54:01,1.86,"A",0.188,0,0,,6.83,,3.89,0.316,0,0.256,,2.7,31.9,2.02,0.855
"BWQM","WN247","N18",21-AUG-2024 11:54:01,6.19,"B",0.511,0,0.0747,,6.99,,4.5,0.388,0,0.301,,2.72,39.8,,
"BWQM","WN247","N18",21-AUG-2024 11:54:01,10.78,"C",4.16,0.122,1.183,,13.65,,3.72,0.665,0.45,0.2185,,4.785,26.45,3.74,1.495
"BWQM","WN247","N18",21-AUG-2024 11:54:01,18.41,"D",7.61,0.373,4.727,,18.9,,1.48,1.32,0.845,0.105,,7.64,15.4,,
"BWQM","WN247","N18",21-AUG-2024 11:54:01,25.25,"E",7.63,0.375,4.885,,19.4,,1.34,1.21,0.83,0.0912,,7.73,10.7,0.355,0.507
"BWQM","WN247","N07",21-AUG-2024 12:21:14,1.8,"A",0.0838,0,0,,6.26,,3.65,0.313,0,0.218,,2.87,29.6,1.88,0.686
"BWQM","WN247","N07",21-AUG-2024 12:21:14,13.1,"B",0.438,0.262,2.988,,7.75,,2.93,0.883,0.43,0.148,,6.15,21.05,2.21,1.37
"BWQM","WN247","N07",21-AUG-2024 12:21:14,25.43,"C",0.171,0.121,6.699,,10.5,,0.824,0.982,0.581,0.0528,,6.27,7.35,0.259,0.361
"BWQM","WN247","N07",21-AUG-2024 12:21:14,37.28,"D",0.232,0.0602,8.1698,,13,,0.985,1.16,0.641,0.097,,7.74,8.79,,
"BWQM","WN247","N07",21-AUG-2024 12:21:14,49.74,"E",0.102,0.132,8.618,,13.8,,2.35,1.11,0.616,0.09,,8.56,16.4,,
"BWQM","WN247","F15",21-AUG-2024 12:50:20,1.8,"A",0.482,0,0,,7.39,,4.92,0.328,0,0.312,,2.67,41.3,2.85,1.3
"BWQM","WN247","F15",21-AUG-2024 12:50:20,8.58,"B",3.43,0.0924,0.8786,,10.5,,4.41,0.651,0.404,0.243,,4.61,31.05,4.23,1.33
"BWQM","WN247","F15",21-AUG-2024 12:50:20,18.35,"C",16.1,0.415,4.485,,26.2,,2.38,1.37,1.07,0.129,,7.68,16.6,0.263,0.341
"BWQM","WN247","F15",21-AUG-2024 12:50:20,27.08,"D",1.6,0.313,4.237,,10.6,,1.65,0.876,0.526,0.0828,,5.96,22.8,,
"BWQM","WN247","F15",21-AUG-2024 12:50:20,37.04,"E",0.684,0.291,5.099,,10.7,,1.11,0.872,0.577,0.162,,6.3,11.9,,
"BWQM","WN247","F10",21-AUG-2024 13:24:36,1.74,"A",0.144,0,0,,6.32,,3.65,0.239,0,0.218,,3.22,29.2,1.56,0.744
"BWQM","WN247","F10",21-AUG-2024 13:24:36,10.53,"B",0.938,0.0894,0.6796,,8.13,,4.475,0.602,0.366,0.2815,,5.56,37,2.1355,0.7705
"BWQM","WN247","F10",21-AUG-2024 13:24:36,16.46,"C",1.72,0.249,2.191,,11.1,,1.37,0.876,0.537,0.0879,,6.34,9.53,0.354,0.325
"BWQM","WN247","F10",21-AUG-2024 13:24:36,24.27,"D",1.43,0.247,2.703,,10.8,,1.15,0.838,0.561,0.119,,6.27,8.88,,
"BWQM","WN247","F10",21-AUG-2024 13:24:36,32.03,"E",1.17,0.241,2.909,,10.8,,1.41,0.883,0.525,0.106,,6.35,10.8,,
"BWQM","WN247","F06",21-AUG-2024 13:54:04,1.61,"A",0.321,0,0,,9.24,,4.28,0.412,0.386,,,3.96,34.7,1.2,0.457
"BWQM","WN247","F06",21-AUG-2024 13:54:04,9.68,"B",0.48,0.0623,0.4447,,7.38,,3.955,0.501,0.314,0.241,,4.93,29.3,2.59,0.995
"BWQM","WN247","F06",21-AUG-2024 13:54:04,17.25,"C",1.19,0.168,1.222,,8.53,,1.84,0.714,0.45,0.115,,5.22,12.4,0.939,0.643
"BWQM","WN247","F06",21-AUG-2024 13:54:04,24.94,"D",1.11,0.231,2.969,,11,,1.32,0.837,0.568,0.102,,6.2,10.2,,
"BWQM","WN247","F06",21-AUG-2024 13:54:04,33.13,"E",1.02,0.231,3.029,,10.4,,1.46,0.898,0.504,0.0974,,6.19,10.4,,
"PCCS","WN248_PCCS","F01",04-SEP-2024 06:40:00,1.5,"A",0.4724,,,0.131,,12.7,,0.168,,,1.19,2.511,,2.09,0.66
"PCCS","WN248_PCCS","F01",04-SEP-2024 06:40:00,21,"E",0.1957,,,0.411,,12.7,,0.468,,,1.05,5.86,,3.43,0.96
"BWQM","WN248","F13",04-SEP-2024 07:56:10,1.34,"A",0.244,0,0,,10,,4.82,0.34,0.115,0.281,,2.12,40.2,2.83,1.24
"BWQM","WN248","F13",04-SEP-2024 07:56:10,7.33,"B",0.327,0.0873,1.0327,,7.93,,4.49,0.496,0.354,0.248,,3.85,33.6,3.38,1.36
"BWQM","WN248","F13",04-SEP-2024 07:56:10,13.25,"C",0.753,0.311,2.799,,9.27,,3.505,0.847,0.668,0.2175,,6.99,23.35,2.88,1.38
"BWQM","WN248","F13",04-SEP-2024 07:56:10,18.38,"D",2.21,0.641,5.539,,15.8,,2.17,1.08,0.925,0.132,,10.1,15.5,,
"BWQM","WN248","F13",04-SEP-2024 07:56:10,23.02,"E",2,0.572,5.178,,15,,3.26,0.982,0.867,0.177,,9.25,26.9,,
"PCCS","WN248_PCCS","F29",04-SEP-2024 08:15:00,1.5,"A",0.1879,,,0.037,,11.1,,0.176,,,0.637,2.82,,1.27,0.27
"PCCS","WN248_PCCS","F29",04-SEP-2024 08:15:00,61,"E",0,,,7.296,,17.5,,0.846,,,1.18,8.581,,0.14,0.33
"BWQM","WN248","F23",04-SEP-2024 08:48:32,1.46,"A",1.01,0.112,0.587,,11.5,,5.11,0.718,0.608,0.285,,6.27,35.6,2.58,2.08
"BWQM","WN248","F23",04-SEP-2024 08:48:32,7.27,"B",1.43,0.12,0.609,,10.7,,4.47,0.666,0.482,0.3,,6.11,28.5,,
"BWQM","WN248","F23",04-SEP-2024 08:48:32,13.13,"C",1.09,0.1035,0.515,,8.85,,4.875,0.6085,0.434,0.3145,,5.83,29.9,2.865,2.195
"BWQM","WN248","F23",04-SEP-2024 08:48:32,19.05,"D",0.916,0.146,0.687,,8.72,,3.69,0.597,0.36,0.267,,6.08,24,,
"BWQM","WN248","F23",04-SEP-2024 08:48:32,24.92,"E",1.03,0.136,0.646,,13.3,,3.71,0.599,0.48,0.273,,5.92,24.6,2.74,1.77
"BWQM","WN248","N01",04-SEP-2024 09:23:12,1.52,"A",0,0,0,,7.34,,4.59,0.14,0,0.279,,2.21,40.3,2.25,1.52
"BWQM","WN248","N01",04-SEP-2024 09:23:12,7.27,"B",0.161,0,0,,9.88,,5.42,0.247,0.192,0.295,,3.2,41.2,3.96,2.68
"BWQM","WN248","N01",04-SEP-2024 09:23:12,14.11,"C",0.556,0.325,1.755,,8.19,,3.73,0.657,0.355,0.1995,,6.05,26.3,2.665,1.915
"BWQM","WN248","N01",04-SEP-2024 09:23:12,22.05,"D",2.62,0.713,4.897,,13.8,,2.36,1.09,0.721,0.137,,9.14,15.7,,
"BWQM","WN248","N01",04-SEP-2024 09:23:12,29.13,"E",2.6,0.717,5.183,,15.1,,2.03,1.15,0.823,0.121,,9.37,15.3,,
"PCCS","WN248_PCCS","F02",04-SEP-2024 09:57:00,1.5,"A",0.2669,,,0.121,,13,,0.147,,,0.772,2.121,,0.91,0.37
"PCCS","WN248_PCCS","F02",04-SEP-2024 09:57:00,28,"E",2.6739,,,3.684,,16,,0.871,,,1.19,13.185,,0.82,0.55
"BWQM","WN248","N04",04-SEP-2024 10:00:19,1.34,"A",0.0761,0,0,,6.9,,5.44,0.119,0,0.345,,1.66,44.9,2.76,1.47
"BWQM","WN248","N04",04-SEP-2024 10:00:19,13.19,"B",1.052,0.0549,0.2936,,7.685,,4.775,0.4425,0.195,0.276,,3.465,33,3.97,2.055
"BWQM","WN248","N04",04-SEP-2024 10:00:19,23.94,"C",0.577,0.368,3.462,,15.9,,1.51,0.787,0.592,0.0969,,5.98,10,,
"BWQM","WN248","N04",04-SEP-2024 10:00:19,34.75,"D",0.248,0.242,6.148,,13,,1.06,0.837,0.996,0.0625,,7.49,7.64,,
"BWQM","WN248","N04",04-SEP-2024 10:00:19,46.42,"E",0,0.224,7.636,,13.6,,0.89,0.909,1,0.0816,,8.31,8.02,0.157,0.323
"BWQM","WN248","F22",04-SEP-2024 10:35:59,1.52,"A",0,0,0,,6.07,,3.92,0.237,0,0.24,,2.09,33.6,1.91,0.846
"BWQM","WN248","F22",04-SEP-2024 10:35:59,13.01,"B",0.182,0.03755,0.34495,,5.835,,2.975,0.532,0.342,0.1685,,4.025,20.45,2.385,1.425
"BWQM","WN248","F22",04-SEP-2024 10:35:59,33.22,"C",0.0512,0.0585,5.9415,,9.9,,1.89,0.796,0.657,0.0651,,5.12,12.7,,
"BWQM","WN248","F22",04-SEP-2024 10:35:59,54.6,"D",0.0396,0.0526,8.2974,,12.2,,0.961,1.02,0.598,0.073,,8.32,7.69,,
"BWQM","WN248","F22",04-SEP-2024 10:35:59,77.57,"E",0,0.139,9.961,,13.6,,1.27,1.14,0.762,0.139,,12.1,11.5,0.132,0.3
"BWQM","WN248","N21",04-SEP-2024 11:55:54,1.46,"A",0.0925,0,0,,7.64,,4.47,0.233,0.332,0.265,,2.32,37.5,1.86,1.09
"BWQM","WN248","N21",04-SEP-2024 11:55:54,13.31,"B",1.1,0,0.163,,9.12,,5.095,0.336,0.469,0.337,,3.1,39.85,4.06,1.905
"BWQM","WN248","N21",04-SEP-2024 11:55:54,20.03,"C",9.95,0.479,3.211,,21.4,,2.36,1.16,1.12,0.139,,6.64,15.3,1.4,1.01
"BWQM","WN248","N21",04-SEP-2024 11:55:54,26.93,"D",4.66,0.571,4.029,,18.2,,1.58,1.03,1.01,0.0946,,6.93,11.4,,
"BWQM","WN248","N21",04-SEP-2024 11:55:54,34.57,"E",4.37,0.471,5.419,,17.5,,1.32,1.04,1.08,0.0847,,7.86,10.9,,
"BWQM","WN248","N18",04-SEP-2024 12:22:24,1.52,"A",0,0,0,,6.99,,4.78,0.182,0.325,0.232,,2.32,41.6,1.85,1.34
"BWQM","WN248","N18",04-SEP-2024 12:22:24,7.33,"B",0.0464,0.0201,0.1109,,9.03,,6.01,0.324,0.496,0.347,,3.62,46.4,,
"BWQM","WN248","N18",04-SEP-2024 12:22:24,13.25,"C",0.188,0.0755,0.4835,,9.51,,4.73,0.399,0.591,0.26,,4.33,32,,
"BWQM","WN248","N18",04-SEP-2024 12:22:24,18.99,"D",0.395,0.2165,1.3985,,8.465,,3.285,0.5955,0.6455,0.1675,,4.865,22.25,2.865,2.12
"BWQM","WN248","N18",04-SEP-2024 12:22:24,24.79,"E",1.77,0.392,3.648,,14,,1.79,0.896,0.98,0.0918,,6.61,16,0.867,0.684
"BWQM","WN248","N07",04-SEP-2024 12:51:08,1.59,"A",0,0,0,,8.04,,3.73,0.117,0.338,0.237,,2.29,34.7,1.09,0.573
"BWQM","WN248","N07",04-SEP-2024 12:51:08,10.32,"B",0.0404,0,0,,7.13,,4.11,0.276,0.387,0.233,,2.69,35.4,2.3,1.4
"BWQM","WN248","N07",04-SEP-2024 12:51:08,19.97,"C",0,0.132,0.421,,7.14,,3.09,0.525,0.628,0.1615,,4.71,20.7,2.7,1.95
"BWQM","WN248","N07",04-SEP-2024 12:51:08,33.77,"D",0,0.16,5.15,,11.5,,1.06,0.748,0.853,0.0593,,6.27,8.3,,
"BWQM","WN248","N07",04-SEP-2024 12:51:08,47.33,"E",0,0.163,6.007,,13,,1.93,0.982,0.93,0.0649,,7.09,23.3,,
"BWQM","WN248","F15",04-SEP-2024 13:20:05,1.4,"A",0.0445,0,0,,6.35,,2.98,0.177,0,0.16,,2.27,25.5,1.17,0.574
"BWQM","WN248","F15",04-SEP-2024 13:20:05,11.3,"B",0.188,0,0.0401,,5.53,,3,0.29,0.16,0.154,,2.12,22.6,2.1,1.2
"BWQM","WN248","F15",04-SEP-2024 13:20:05,21.07,"C",0.152,0.205,2.595,,8.4,,2.125,0.66,0.403,0.1825,,4.67,14.6,1.85,1.145
"BWQM","WN248","F15",04-SEP-2024 13:20:05,28.95,"D",0.418,0.0985,5.6715,,9.97,,1.13,0.837,0.509,0.0669,,6.58,8.42,,
"BWQM","WN248","F15",04-SEP-2024 13:20:05,36.7,"E",0,0.156,6.044,,10.9,,1.25,0.918,0.587,0.0859,,7.27,9.46,,
"BWQM","WN248","F10",04-SEP-2024 13:54:21,1.46,"A",0.252,0,0,,5.71,,3.61,0.339,0.164,0.219,,2.52,32.2,2.16,0.818
"BWQM","WN248","F10",04-SEP-2024 13:54:21,10.2,"B",0.405,0.156,1.204,,7.43,,5,0.681,0.412,0.2845,,5.55,37.2,4.65,1.75
"BWQM","WN248","F10",04-SEP-2024 13:54:21,17.16,"C",1.23,0.459,5.101,,11.1,,1.65,0.985,0.55,0.114,,8.02,11.4,0.947,0.701
"BWQM","WN248","F10",04-SEP-2024 13:54:21,24,"D",0.639,0.406,6.464,,11,,1.36,1.13,0.577,0.102,,7.53,10.1,,
"BWQM","WN248","F10",04-SEP-2024 13:54:21,30.9,"E",0.705,0.408,6.512,,11.5,,1.34,1.04,0.564,0.1,,7.56,10.1,,
"BWQM","WN248","F06",04-SEP-2024 14:28:33,1.52,"A",0.356,0,0,,7.66,,5.51,0.393,0.151,0.35,,2.9,48.8,4.27,1.29
"BWQM","WN248","F06",04-SEP-2024 14:28:33,8.24,"B",0.428,0.0343,0.3197,,6.7,,5.53,0.508,0.263,0.377,,4.08,46.1,5.08,1.42
"BWQM","WN248","F06",04-SEP-2024 14:28:33,15.2,"C",0.636,0.291,2.579,,9.07,,4.435,0.757,0.506,0.263,,6.83,32.55,3.855,1.245
"BWQM","WN248","F06",04-SEP-2024 14:28:33,22.96,"D",0.729,0.388,4.782,,10.7,,1.62,1.01,0.603,0.104,,7.21,11.9,,
"BWQM","WN248","F06",04-SEP-2024 14:28:33,30.84,"E",0.829,0.361,5.779,,10.7,,1.29,1.05,0.672,0.113,,7.34,10.7,,
"BWQM","WN249","F06",17-OCT-2024 07:13:50,1.7,"A",0,0.102,0.163,,12.1,,3.3,0.395,0.667,0.192,,1.88,25.1,3.31,1.64
"BWQM","WN249","F06",17-OCT-2024 07:13:50,8.97,"B",0,0.104,0.266,,6.95,,3.42,0.4,0.517,0.252,,1.88,23.6,2.77,1.54
"BWQM","WN249","F06",17-OCT-2024 07:13:50,14.65,"C",0,0.103,0.235,,8.32,,3.23,0.488,0.597,0.1945,,1.85,21.7,2.54,1.585
"BWQM","WN249","F06",17-OCT-2024 07:13:50,21.37,"D",0,0.105,0.307,,7.06,,3.13,0.385,0.524,0.195,,1.86,21.6,,
"BWQM","WN249","F06",17-OCT-2024 07:13:50,28.39,"E",0.0775,0.105,0.231,,15,,3.2,0.394,0.514,0.16,,1.86,21.6,,
"BWQM","WN249","F10",17-OCT-2024 07:44:51,1.4,"A",0.079,0.107,0.36,,10,,3.71,0.418,0.56,0.247,,1.92,26.1,4.49,1.81
"BWQM","WN249","F10",17-OCT-2024 07:44:51,9.64,"B",0,0.101,0.187,,6.87,,3.28,0.418,0.531,0.242,,1.87,23,4.52,1.65
"BWQM","WN249","F10",17-OCT-2024 07:44:51,17.22,"C",0,0.119,0.478,,9.86,,3.6,0.439,0.531,0.214,,1.95,24.35,2.695,1.114
"BWQM","WN249","F10",17-OCT-2024 07:44:51,25.95,"D",0,0.157,1.793,,13,,1.84,0.551,0.691,0.13,,3.44,13.4,,
"BWQM","WN249","F10",17-OCT-2024 07:44:51,32.3,"E",0,0.202,5.118,,14.8,,1.04,0.834,0.949,0.105,,6.98,20.2,,
"BWQM","WN249","F15",17-OCT-2024 08:20:46,1.16,"A",0.0998,0.0931,0.0339,,7.72,,3.28,0.359,0.501,0.19,,1.18,23,3.37,1.39
"BWQM","WN249","F15",17-OCT-2024 08:20:46,10.93,"B",0,0.0988,0.0242,,7.07,,3.35,0.355,0.475,0.194,,1.19,21.5,3.12,1.53
"BWQM","WN249","F15",17-OCT-2024 08:20:46,19.48,"C",0,0.114,0.29,,8.32,,3.215,0.395,0.482,0.179,,1.3,20.85,3.015,1.46
"BWQM","WN249","F15",17-OCT-2024 08:20:46,28.33,"D",0,0.255,2.885,,13.4,,1.62,0.686,0.76,0.116,,5.09,11.6,,
"BWQM","WN249","F15",17-OCT-2024 08:20:46,37.31,"E",0,0.278,8.572,,15.8,,1.14,1.17,1.3,0.125,,11.5,9.62,,
"BWQM","WN249","N07",17-OCT-2024 08:48:04,2.13,"A",1.19,0.222,1.208,,13,,2.71,0.489,0.651,0.191,,2.48,22.5,2.93,1.64
"BWQM","WN249","N07",17-OCT-2024 08:48:04,13.74,"B",1.02,0.228,1.102,,11.1,,2.79,0.471,0.646,0.184,,2.47,21.5,2.4,1.68
"BWQM","WN249","N07",17-OCT-2024 08:48:04,25.4,"C",2.25,0.444,5.676,,15.8,,1.225,0.905,1.08,0.10005,,7.94,11.7,0.625,0.594
"BWQM","WN249","N07",17-OCT-2024 08:48:04,37.13,"D",0,0.115,8.565,,16.1,,1.35,1.11,1.26,0.0882,,11.2,9.6,,
"BWQM","WN249","N07",17-OCT-2024 08:48:04,47.45,"E",0,0.241,8.919,,22.2,,1.37,1.23,1.39,0.124,,14.5,11.5,,
"BWQM","WN249","N18",17-OCT-2024 09:16:47,1.83,"A",0,0.179,0.74,,9.24,,4.74,0.437,0.576,0.24,,2.05,31.9,5.78,2.5
"BWQM","WN249","N18",17-OCT-2024 09:16:47,7.81,"B",0.076,0.186,0.864,,9.14,,4.69,0.449,0.567,0.294,,2.07,33.4,,
"BWQM","WN249","N18",17-OCT-2024 09:16:47,13.74,"C",0.1985,0.2,0.935,,10.125,,5.225,0.4605,0.606,0.236,,2.12,33.85,5.29,2.84
"BWQM","WN249","N18",17-OCT-2024 09:16:47,20.39,"D",0.515,0.225,1.445,,9.74,,4.32,0.471,0.607,0.24,,2.39,30.9,,
"BWQM","WN249","N18",17-OCT-2024 09:16:47,27.54,"E",0.481,0.279,1.881,,12,,3.15,0.59,0.722,0.168,,3.59,23.4,3.46,1.73
"BWQM","WN249","N21",17-OCT-2024 09:42:10,1.95,"A",1.04,0.233,1.167,,11.5,,4.05,0.511,0.625,0.229,,2.48,26.6,4.08,2.17
"BWQM","WN249","N21",17-OCT-2024 09:42:10,8.67,"B",1.38,0.245,1.385,,9.97,,4.05,0.521,0.636,0.21,,2.5,26.5,4.48,2.98
"BWQM","WN249","N21",17-OCT-2024 09:42:10,15.75,"C",2.32,0.201,1.329,,7.28,,4.2,0.546,0.704,0.2095,,2.67,28.75,3.76,1.87
"BWQM","WN249","N21",17-OCT-2024 09:42:10,25.46,"D",36.1,0.38,5.35,,41.4,,2.96,1.83,2.02,0.22,,9.61,20.8,,
"BWQM","WN249","N21",17-OCT-2024 09:42:10,34.26,"E",2.12,0.292,7.668,,17,,1.13,1.22,1.37,0.0438,,11.7,8.72,,
"BWQM","WN249","F22",17-OCT-2024 10:29:09,1.83,"A",0,0.203,0.507,,13.6,,3.95,0.454,0.568,0.229,,1.98,29.4,4.71,1.95
"BWQM","WN249","F22",17-OCT-2024 10:29:09,20.15,"B",0,0.261,0.592,,8.53,,2.94,0.463,0.583,0.174,,2.47,21,,
"BWQM","WN249","F22",17-OCT-2024 10:29:09,40.31,"C",0.356,0.362,1.373,,11.8,,2.155,0.504,0.6945,0.10015,,3.015,13.45,1.06,1.099
"BWQM","WN249","F22",17-OCT-2024 10:29:09,60.04,"D",0,0.108,8.522,,14.6,,1.08,1.04,1.08,0.0699,,11.8,14.4,,
"BWQM","WN249","F22",17-OCT-2024 10:29:09,78.92,"E",0,0.155,9.005,,17.2,,1.35,1.12,1.28,0.126,,13.3,19.1,0.123,0.272
"BWQM","WN249","N04",17-OCT-2024 11:02:29,2.13,"A",0,0.155,0.656,,8.25,,3.81,0.396,0.545,0.314,,1.49,33.2,6.16,2.6
"BWQM","WN249","N04",17-OCT-2024 11:02:29,13.67,"B",0,0.161,0.6115,,9.61,,3.7,0.397,0.567,0.287,,1.46,37.1,6.12,3.24
"BWQM","WN249","N04",17-OCT-2024 11:02:29,24.91,"C",1.48,0.432,7.958,,20,,0.886,1.16,1.34,0.116,,10.3,12.1,,
"BWQM","WN249","N04",17-OCT-2024 11:02:29,37.01,"D",0,0.132,8.428,,18.3,,1.69,1.13,1.26,0.108,,11.7,11.7,,
"BWQM","WN249","N04",17-OCT-2024 11:02:29,48,"E",0,0.156,7.934,,16.5,,0.399,1.1,1.28,0.104,,12.5,17.5,0.145,0.303
"BWQM","WN249","N01",17-OCT-2024 11:34:54,2.25,"A",8.11,0.358,2.222,,17.3,,4.66,0.754,0.969,0.32,,3.76,38.7,6.63,2.38
"BWQM","WN249","N01",17-OCT-2024 11:34:54,8.97,"B",2.39,0.306,1.854,,11.7,,4.93,0.548,0.698,0.353,,2.67,35,9,4.1
"BWQM","WN249","N01",17-OCT-2024 11:34:54,15.51,"C",1.73,0.299,1.931,,9.76,,4.09,0.495,0.632,0.287,,2.77,29.75,5.97,3.365
"BWQM","WN249","N01",17-OCT-2024 11:34:54,22.35,"D",0.741,0.46,8.27,,16.8,,1.76,1.21,1.36,0.137,,12.3,16.3,,
"BWQM","WN249","N01",17-OCT-2024 11:34:54,30.23,"E",0.666,0.384,9.146,,16.8,,1.3,1.43,1.57,0.168,,14.4,15.1,,
"BWQM","WN249","F23",17-OCT-2024 12:08:35,1.77,"A",4.7,0.583,3.437,,16.7,,3.79,1,1.23,0.409,,7.71,29.5,2.94,1.52
"BWQM","WN249","F23",17-OCT-2024 12:08:35,8.73,"B",4.44,0.578,3.502,,17.9,,3.91,0.964,1.23,0.421,,7.55,29.8,,
"BWQM","WN249","F23",17-OCT-2024 12:08:35,15.2,"C",4.83,0.579,3.451,,16.1,,4.005,1.0045,1.185,0.4115,,7.455,29.95,2.53,1.51
"BWQM","WN249","F23",17-OCT-2024 12:08:35,22.59,"D",3.68,0.577,3.583,,17.9,,3.91,0.992,1.23,0.303,,7.44,30.6,,
"BWQM","WN249","F23",17-OCT-2024 12:08:35,27.54,"E",3.4,0.581,3.479,,15.9,,4.22,0.979,1.18,0.416,,7.5,29.8,2.47,1.58
"BWQM","WN249","F13",17-OCT-2024 12:55:38,2.25,"A",0.133,0.155,0.502,,8.9,,4.07,0.557,0.696,0.258,,2.69,32.2,6.98,2.03
"BWQM","WN249","F13",17-OCT-2024 12:55:38,6.96,"B",0,0.16,0.518,,8,,4.16,0.572,0.689,0.258,,2.61,28,5.56,1.83
"BWQM","WN249","F13",17-OCT-2024 12:55:38,12.58,"C",0,0.151,0.653,,8.58,,3.66,0.516,0.666,0.2235,,2.37,31.95,4.42,1.9
"BWQM","WN249","F13",17-OCT-2024 12:55:38,18.32,"D",0,0.133,0.566,,7.63,,3.06,0.455,0.589,0.24,,2.06,40.6,,
"BWQM","WN249","F13",17-OCT-2024 12:55:38,24.3,"E",0,0.125,0.945,,7.86,,2.8,0.443,0.592,0.206,,2.07,30.6,,
"PCCS","WN249_PCCS","F01",22-OCT-2024 06:12:00,1.5,"A",0.3133,,,0.283,,10.4,,0.492,,,1.1,1.15,,4.98,0.95
"PCCS","WN249_PCCS","F01",22-OCT-2024 06:12:00,23.5,"E",1.1123,,,0.51,,11.1,,0.568,,,0.976,3.035,,2.22,0.4
"PCCS","WN249_PCCS","F29",22-OCT-2024 07:40:00,1.5,"A",0.1946,,,1.425,,10.8,,0.432,,,0.846,2.285,,3.71,0.76
"PCCS","WN249_PCCS","F29",22-OCT-2024 07:40:00,60.5,"E",0.3032,,,8.1,,14.4,,1.003,,,1.4,11.462,,0.41,0.43
"PCCS","WN249_PCCS","F02",22-OCT-2024 09:24:00,1.5,"A",0.4415,,,0.841,,8.78,,0.486,,,0.818,1.533,,1.99,0.27
"PCCS","WN249_PCCS","F02",22-OCT-2024 09:24:00,28,"E",1.4772,,,1.164,,11.3,,0.619,,,0.993,3.339,,2.06,0.53
